<?xml version="1.0" encoding="UTF-8"?>
<kml xmlns="http://www.opengis.net/kml/2.2" xmlns:gx="http://www.google.com/kml/ext/2.2" xmlns:kml="http://www.opengis.net/kml/2.2" xmlns:atom="http://www.w3.org/2005/Atom">
<Document>
	<name>EPWR.kml</name>
	<Style id="lineStyle">
		<LineStyle>
			<color>ff6b6b6b</color>
		</LineStyle>
	</Style>
	<Style id="lineStyle0">
		<LineStyle>
			<color>ff6b6b6b</color>
		</LineStyle>
	</Style>
	<StyleMap id="lineStyle17">
		<Pair>
			<key>normal</key>
			<styleUrl>#lineStyle224</styleUrl>
		</Pair>
		<Pair>
			<key>highlight</key>
			<styleUrl>#lineStyle52</styleUrl>
		</Pair>
	</StyleMap>
	<StyleMap id="lineStyle14">
		<Pair>
			<key>normal</key>
			<styleUrl>#lineStyle225</styleUrl>
		</Pair>
		<Pair>
			<key>highlight</key>
			<styleUrl>#lineStyle5</styleUrl>
		</Pair>
	</StyleMap>
	<StyleMap id="lineStyle1">
		<Pair>
			<key>normal</key>
			<styleUrl>#lineStyle220</styleUrl>
		</Pair>
		<Pair>
			<key>highlight</key>
			<styleUrl>#lineStyle54</styleUrl>
		</Pair>
	</StyleMap>
	<StyleMap id="lineStyle13">
		<Pair>
			<key>normal</key>
			<styleUrl>#lineStyle221</styleUrl>
		</Pair>
		<Pair>
			<key>highlight</key>
			<styleUrl>#lineStyle50</styleUrl>
		</Pair>
	</StyleMap>
	<StyleMap id="lineStyle110">
		<Pair>
			<key>normal</key>
			<styleUrl>#lineStyle2211</styleUrl>
		</Pair>
		<Pair>
			<key>highlight</key>
			<styleUrl>#lineStyle510</styleUrl>
		</Pair>
	</StyleMap>
	<StyleMap id="lineStyle18">
		<Pair>
			<key>normal</key>
			<styleUrl>#lineStyle2210</styleUrl>
		</Pair>
		<Pair>
			<key>highlight</key>
			<styleUrl>#lineStyle59</styleUrl>
		</Pair>
	</StyleMap>
	<StyleMap id="lineStyle115">
		<Pair>
			<key>normal</key>
			<styleUrl>#lineStyle227</styleUrl>
		</Pair>
		<Pair>
			<key>highlight</key>
			<styleUrl>#lineStyle56</styleUrl>
		</Pair>
	</StyleMap>
	<StyleMap id="lineStyle111">
		<Pair>
			<key>normal</key>
			<styleUrl>#lineStyle226</styleUrl>
		</Pair>
		<Pair>
			<key>highlight</key>
			<styleUrl>#lineStyle57</styleUrl>
		</Pair>
	</StyleMap>
	<StyleMap id="lineStyle113">
		<Pair>
			<key>normal</key>
			<styleUrl>#lineStyle228</styleUrl>
		</Pair>
		<Pair>
			<key>highlight</key>
			<styleUrl>#lineStyle58</styleUrl>
		</Pair>
	</StyleMap>
	<StyleMap id="lineStyle11">
		<Pair>
			<key>normal</key>
			<styleUrl>#lineStyle229</styleUrl>
		</Pair>
		<Pair>
			<key>highlight</key>
			<styleUrl>#lineStyle55</styleUrl>
		</Pair>
	</StyleMap>
	<StyleMap id="lineStyle114">
		<Pair>
			<key>normal</key>
			<styleUrl>#lineStyle222</styleUrl>
		</Pair>
		<Pair>
			<key>highlight</key>
			<styleUrl>#lineStyle53</styleUrl>
		</Pair>
	</StyleMap>
	<StyleMap id="lineStyle10">
		<Pair>
			<key>normal</key>
			<styleUrl>#lineStyle22</styleUrl>
		</Pair>
		<Pair>
			<key>highlight</key>
			<styleUrl>#lineStyle511</styleUrl>
		</Pair>
	</StyleMap>
	<StyleMap id="lineStyle19">
		<Pair>
			<key>normal</key>
			<styleUrl>#lineStyle223</styleUrl>
		</Pair>
		<Pair>
			<key>highlight</key>
			<styleUrl>#lineStyle51</styleUrl>
		</Pair>
	</StyleMap>
	<StyleMap id="lineStyle100">
		<Pair>
			<key>normal</key>
			<styleUrl>#lineStyle16</styleUrl>
		</Pair>
		<Pair>
			<key>highlight</key>
			<styleUrl>#lineStyle8</styleUrl>
		</Pair>
	</StyleMap>
	<Style id="lineStyle112">
		<LineStyle>
			<color>ff6b6b6b</color>
		</LineStyle>
	</Style>
	<Style id="lineStyle12">
		<LineStyle>
			<color>ff00ffff</color>
		</LineStyle>
	</Style>
	<Style id="lineStyle130">
		<LineStyle>
			<color>ff6b6b6b</color>
		</LineStyle>
	</Style>
	<Style id="lineStyle140">
		<LineStyle>
			<color>ff6b6b6b</color>
		</LineStyle>
	</Style>
	<StyleMap id="lineStyle15">
		<Pair>
			<key>normal</key>
			<styleUrl>#lineStyle170</styleUrl>
		</Pair>
		<Pair>
			<key>highlight</key>
			<styleUrl>#lineStyle112</styleUrl>
		</Pair>
	</StyleMap>
	<Style id="lineStyle16">
		<LineStyle>
			<color>ff6b6b6b</color>
		</LineStyle>
	</Style>
	<Style id="lineStyle170">
		<LineStyle>
			<color>ff6b6b6b</color>
		</LineStyle>
	</Style>
	<StyleMap id="lineStyle180">
		<Pair>
			<key>normal</key>
			<styleUrl>#lineStyle130</styleUrl>
		</Pair>
		<Pair>
			<key>highlight</key>
			<styleUrl>#lineStyle0</styleUrl>
		</Pair>
	</StyleMap>
	<StyleMap id="lineStyle190">
		<Pair>
			<key>normal</key>
			<styleUrl>#lineStyle4</styleUrl>
		</Pair>
		<Pair>
			<key>highlight</key>
			<styleUrl>#lineStyle140</styleUrl>
		</Pair>
	</StyleMap>
	<Style id="lineStyle2">
		<LineStyle>
			<color>ff00ffff</color>
		</LineStyle>
	</Style>
	<StyleMap id="lineStyle20">
		<Pair>
			<key>normal</key>
			<styleUrl>#lineStyle12</styleUrl>
		</Pair>
		<Pair>
			<key>highlight</key>
			<styleUrl>#lineStyle7</styleUrl>
		</Pair>
	</StyleMap>
	<StyleMap id="lineStyle21">
		<Pair>
			<key>normal</key>
			<styleUrl>#lineStyle</styleUrl>
		</Pair>
		<Pair>
			<key>highlight</key>
			<styleUrl>#lineStyle9</styleUrl>
		</Pair>
	</StyleMap>
	<Style id="lineStyle228">
		<LineStyle>
			<color>ff6b6b6b</color>
		</LineStyle>
	</Style>
	<Style id="lineStyle2210">
		<LineStyle>
			<color>ff6b6b6b</color>
		</LineStyle>
	</Style>
	<Style id="lineStyle221">
		<LineStyle>
			<color>ff6b6b6b</color>
		</LineStyle>
	</Style>
	<Style id="lineStyle229">
		<LineStyle>
			<color>ff6b6b6b</color>
		</LineStyle>
	</Style>
	<Style id="lineStyle220">
		<LineStyle>
			<color>ff6b6b6b</color>
		</LineStyle>
	</Style>
	<Style id="lineStyle222">
		<LineStyle>
			<color>ff6b6b6b</color>
		</LineStyle>
	</Style>
	<Style id="lineStyle223">
		<LineStyle>
			<color>ff6b6b6b</color>
		</LineStyle>
	</Style>
	<Style id="lineStyle224">
		<LineStyle>
			<color>ff6b6b6b</color>
		</LineStyle>
	</Style>
	<Style id="lineStyle225">
		<LineStyle>
			<color>ff6b6b6b</color>
		</LineStyle>
	</Style>
	<Style id="lineStyle226">
		<LineStyle>
			<color>ff6b6b6b</color>
		</LineStyle>
	</Style>
	<Style id="lineStyle227">
		<LineStyle>
			<color>ff6b6b6b</color>
		</LineStyle>
	</Style>
	<Style id="lineStyle22">
		<LineStyle>
			<color>ff6b6b6b</color>
		</LineStyle>
	</Style>
	<Style id="lineStyle2211">
		<LineStyle>
			<color>ff6b6b6b</color>
		</LineStyle>
	</Style>
	<StyleMap id="lineStyle3">
		<Pair>
			<key>normal</key>
			<styleUrl>#lineStyle2</styleUrl>
		</Pair>
		<Pair>
			<key>highlight</key>
			<styleUrl>#lineStyle6</styleUrl>
		</Pair>
	</StyleMap>
	<Style id="lineStyle4">
		<LineStyle>
			<color>ff6b6b6b</color>
		</LineStyle>
	</Style>
	<Style id="lineStyle511">
		<LineStyle>
			<color>ff6b6b6b</color>
		</LineStyle>
	</Style>
	<Style id="lineStyle52">
		<LineStyle>
			<color>ff6b6b6b</color>
		</LineStyle>
	</Style>
	<Style id="lineStyle56">
		<LineStyle>
			<color>ff6b6b6b</color>
		</LineStyle>
	</Style>
	<Style id="lineStyle510">
		<LineStyle>
			<color>ff6b6b6b</color>
		</LineStyle>
	</Style>
	<Style id="lineStyle53">
		<LineStyle>
			<color>ff6b6b6b</color>
		</LineStyle>
	</Style>
	<Style id="lineStyle55">
		<LineStyle>
			<color>ff6b6b6b</color>
		</LineStyle>
	</Style>
	<Style id="lineStyle58">
		<LineStyle>
			<color>ff6b6b6b</color>
		</LineStyle>
	</Style>
	<Style id="lineStyle50">
		<LineStyle>
			<color>ff6b6b6b</color>
		</LineStyle>
	</Style>
	<Style id="lineStyle5">
		<LineStyle>
			<color>ff6b6b6b</color>
		</LineStyle>
	</Style>
	<Style id="lineStyle57">
		<LineStyle>
			<color>ff6b6b6b</color>
		</LineStyle>
	</Style>
	<Style id="lineStyle54">
		<LineStyle>
			<color>ff6b6b6b</color>
		</LineStyle>
	</Style>
	<Style id="lineStyle59">
		<LineStyle>
			<color>ff6b6b6b</color>
		</LineStyle>
	</Style>
	<Style id="lineStyle51">
		<LineStyle>
			<color>ff6b6b6b</color>
		</LineStyle>
	</Style>
	<Style id="lineStyle6">
		<LineStyle>
			<color>ff00ffff</color>
		</LineStyle>
	</Style>
	<Style id="lineStyle7">
		<LineStyle>
			<color>ff00ffff</color>
		</LineStyle>
	</Style>
	<Style id="lineStyle8">
		<LineStyle>
			<color>ff6b6b6b</color>
		</LineStyle>
	</Style>
	<Style id="lineStyle9">
		<LineStyle>
			<color>ff6b6b6b</color>
		</LineStyle>
	</Style>
	<StyleMap id="m_ylw-pushpin">
		<Pair>
			<key>normal</key>
			<styleUrl>#s_ylw-pushpin</styleUrl>
		</Pair>
		<Pair>
			<key>highlight</key>
			<styleUrl>#s_ylw-pushpin_hl</styleUrl>
		</Pair>
	</StyleMap>
	<StyleMap id="m_ylw-pushpin07">
		<Pair>
			<key>normal</key>
			<styleUrl>#s_ylw-pushpin250</styleUrl>
		</Pair>
		<Pair>
			<key>highlight</key>
			<styleUrl>#s_ylw-pushpin_hl21</styleUrl>
		</Pair>
	</StyleMap>
	<StyleMap id="m_ylw-pushpin11001">
		<Pair>
			<key>normal</key>
			<styleUrl>#s_ylw-pushpin20101</styleUrl>
		</Pair>
		<Pair>
			<key>highlight</key>
			<styleUrl>#s_ylw-pushpin_hl00202</styleUrl>
		</Pair>
	</StyleMap>
	<StyleMap id="m_ylw-pushpin211">
		<Pair>
			<key>normal</key>
			<styleUrl>#s_ylw-pushpin0201</styleUrl>
		</Pair>
		<Pair>
			<key>highlight</key>
			<styleUrl>#s_ylw-pushpin_hl0031</styleUrl>
		</Pair>
	</StyleMap>
	<StyleMap id="m_ylw-pushpin220">
		<Pair>
			<key>normal</key>
			<styleUrl>runtime://clone312#s_ylw-pushpin61</styleUrl>
		</Pair>
		<Pair>
			<key>highlight</key>
			<styleUrl>runtime://clone312#s_ylw-pushpin_hl30</styleUrl>
		</Pair>
	</StyleMap>
	<StyleMap id="m_ylw-pushpin70">
		<Pair>
			<key>normal</key>
			<styleUrl>#s_ylw-pushpin400</styleUrl>
		</Pair>
		<Pair>
			<key>highlight</key>
			<styleUrl>#s_ylw-pushpin_hl310</styleUrl>
		</Pair>
	</StyleMap>
	<StyleMap id="m_ylw-pushpin902">
		<Pair>
			<key>normal</key>
			<styleUrl>#s_ylw-pushpin2302</styleUrl>
		</Pair>
		<Pair>
			<key>highlight</key>
			<styleUrl>#s_ylw-pushpin_hl1112</styleUrl>
		</Pair>
	</StyleMap>
	<StyleMap id="msn_ylw-pushpin">
		<Pair>
			<key>normal</key>
			<styleUrl>#sn_ylw-pushpin2</styleUrl>
		</Pair>
		<Pair>
			<key>highlight</key>
			<styleUrl>#sh_ylw-pushpin2</styleUrl>
		</Pair>
	</StyleMap>
	<StyleMap id="msn_ylw-pushpin1">
		<Pair>
			<key>normal</key>
			<styleUrl>#sn_ylw-pushpin</styleUrl>
		</Pair>
		<Pair>
			<key>highlight</key>
			<styleUrl>#sh_ylw-pushpin</styleUrl>
		</Pair>
	</StyleMap>
	<StyleMap id="msn_ylw-pushpin2">
		<Pair>
			<key>normal</key>
			<styleUrl>#sn_ylw-pushpin1</styleUrl>
		</Pair>
		<Pair>
			<key>highlight</key>
			<styleUrl>#sh_ylw-pushpin1</styleUrl>
		</Pair>
	</StyleMap>
	<StyleMap id="msn_ylw-pushpin0">
		<Pair>
			<key>normal</key>
			<styleUrl>#sn_ylw-pushpin0</styleUrl>
		</Pair>
		<Pair>
			<key>highlight</key>
			<styleUrl>#sh_ylw-pushpin0</styleUrl>
		</Pair>
	</StyleMap>
	<StyleMap id="msn_ylw-pushpin0020">
		<Pair>
			<key>normal</key>
			<styleUrl>#sn_ylw-pushpin1040</styleUrl>
		</Pair>
		<Pair>
			<key>highlight</key>
			<styleUrl>#sh_ylw-pushpin1011</styleUrl>
		</Pair>
	</StyleMap>
	<StyleMap id="msn_ylw-pushpin019">
		<Pair>
			<key>normal</key>
			<styleUrl>#sn_ylw-pushpin613</styleUrl>
		</Pair>
		<Pair>
			<key>highlight</key>
			<styleUrl>#sh_ylw-pushpin017</styleUrl>
		</Pair>
	</StyleMap>
	<StyleMap id="msn_ylw-pushpin1012">
		<Pair>
			<key>normal</key>
			<styleUrl>#sn_ylw-pushpin10001</styleUrl>
		</Pair>
		<Pair>
			<key>highlight</key>
			<styleUrl>#sh_ylw-pushpin4510</styleUrl>
		</Pair>
	</StyleMap>
	<StyleMap id="msn_ylw-pushpin1100">
		<Pair>
			<key>normal</key>
			<styleUrl>#sn_ylw-pushpin12700</styleUrl>
		</Pair>
		<Pair>
			<key>highlight</key>
			<styleUrl>#sh_ylw-pushpin152</styleUrl>
		</Pair>
	</StyleMap>
	<StyleMap id="msn_ylw-pushpin12400">
		<Pair>
			<key>normal</key>
			<styleUrl>#sn_ylw-pushpin040</styleUrl>
		</Pair>
		<Pair>
			<key>highlight</key>
			<styleUrl>#sh_ylw-pushpin050</styleUrl>
		</Pair>
	</StyleMap>
	<StyleMap id="msn_ylw-pushpin150">
		<Pair>
			<key>normal</key>
			<styleUrl>#sn_ylw-pushpin143</styleUrl>
		</Pair>
		<Pair>
			<key>highlight</key>
			<styleUrl>#sh_ylw-pushpin261</styleUrl>
		</Pair>
	</StyleMap>
	<StyleMap id="msn_ylw-pushpin180">
		<Pair>
			<key>normal</key>
			<styleUrl>#sn_ylw-pushpin151</styleUrl>
		</Pair>
		<Pair>
			<key>highlight</key>
			<styleUrl>#sh_ylw-pushpin812</styleUrl>
		</Pair>
	</StyleMap>
	<StyleMap id="msn_ylw-pushpin2111">
		<Pair>
			<key>normal</key>
			<styleUrl>#sn_ylw-pushpin3003</styleUrl>
		</Pair>
		<Pair>
			<key>highlight</key>
			<styleUrl>#sh_ylw-pushpin970</styleUrl>
		</Pair>
	</StyleMap>
	<StyleMap id="msn_ylw-pushpin2112">
		<Pair>
			<key>normal</key>
			<styleUrl>#sn_ylw-pushpin30000</styleUrl>
		</Pair>
		<Pair>
			<key>highlight</key>
			<styleUrl>#sh_ylw-pushpin971</styleUrl>
		</Pair>
	</StyleMap>
	<StyleMap id="msn_ylw-pushpin223">
		<Pair>
			<key>normal</key>
			<styleUrl>#sn_ylw-pushpin204</styleUrl>
		</Pair>
		<Pair>
			<key>highlight</key>
			<styleUrl>#sh_ylw-pushpin228</styleUrl>
		</Pair>
	</StyleMap>
	<StyleMap id="msn_ylw-pushpin275">
		<Pair>
			<key>normal</key>
			<styleUrl>#sn_ylw-pushpin4000</styleUrl>
		</Pair>
		<Pair>
			<key>highlight</key>
			<styleUrl>#sh_ylw-pushpin401</styleUrl>
		</Pair>
	</StyleMap>
	<StyleMap id="msn_ylw-pushpin303">
		<Pair>
			<key>normal</key>
			<styleUrl>#sn_ylw-pushpin351</styleUrl>
		</Pair>
		<Pair>
			<key>highlight</key>
			<styleUrl>#sh_ylw-pushpin611</styleUrl>
		</Pair>
	</StyleMap>
	<StyleMap id="msn_ylw-pushpin3170">
		<Pair>
			<key>normal</key>
			<styleUrl>#sn_ylw-pushpin254</styleUrl>
		</Pair>
		<Pair>
			<key>highlight</key>
			<styleUrl>#sh_ylw-pushpin502</styleUrl>
		</Pair>
	</StyleMap>
	<StyleMap id="msn_ylw-pushpin406">
		<Pair>
			<key>normal</key>
			<styleUrl>#sn_ylw-pushpin1350</styleUrl>
		</Pair>
		<Pair>
			<key>highlight</key>
			<styleUrl>#sh_ylw-pushpin3130</styleUrl>
		</Pair>
	</StyleMap>
	<StyleMap id="msn_ylw-pushpin4240">
		<Pair>
			<key>normal</key>
			<styleUrl>#sn_ylw-pushpin20400</styleUrl>
		</Pair>
		<Pair>
			<key>highlight</key>
			<styleUrl>#sh_ylw-pushpin4110</styleUrl>
		</Pair>
	</StyleMap>
	<StyleMap id="msn_ylw-pushpin514">
		<Pair>
			<key>normal</key>
			<styleUrl>#sn_ylw-pushpin490</styleUrl>
		</Pair>
		<Pair>
			<key>highlight</key>
			<styleUrl>#sh_ylw-pushpin400</styleUrl>
		</Pair>
	</StyleMap>
	<StyleMap id="msn_ylw-pushpin6120">
		<Pair>
			<key>normal</key>
			<styleUrl>#sn_ylw-pushpin319</styleUrl>
		</Pair>
		<Pair>
			<key>highlight</key>
			<styleUrl>#sh_ylw-pushpin12110</styleUrl>
		</Pair>
	</StyleMap>
	<StyleMap id="msn_ylw-pushpin612">
		<Pair>
			<key>normal</key>
			<styleUrl>#sn_ylw-pushpin3190</styleUrl>
		</Pair>
		<Pair>
			<key>highlight</key>
			<styleUrl>#sh_ylw-pushpin1211</styleUrl>
		</Pair>
	</StyleMap>
	<StyleMap id="msn_ylw-pushpin660">
		<Pair>
			<key>normal</key>
			<styleUrl>#sn_ylw-pushpin227</styleUrl>
		</Pair>
		<Pair>
			<key>highlight</key>
			<styleUrl>#sh_ylw-pushpin190</styleUrl>
		</Pair>
	</StyleMap>
	<StyleMap id="msn_ylw-pushpin812">
		<Pair>
			<key>normal</key>
			<styleUrl>#sn_ylw-pushpin419</styleUrl>
		</Pair>
		<Pair>
			<key>highlight</key>
			<styleUrl>#sh_ylw-pushpin1111</styleUrl>
		</Pair>
	</StyleMap>
	<StyleMap id="polyStyle">
		<Pair>
			<key>normal</key>
			<styleUrl>#polyStyle8</styleUrl>
		</Pair>
		<Pair>
			<key>highlight</key>
			<styleUrl>#polyStyle14</styleUrl>
		</Pair>
	</StyleMap>
	<Style id="polyStyle0">
		<PolyStyle>
			<color>33ffffff</color>
		</PolyStyle>
	</Style>
	<Style id="polyStyle1">
		<PolyStyle>
			<color>33ffffff</color>
		</PolyStyle>
	</Style>
	<Style id="polyStyle10">
		<PolyStyle>
			<color>33ffffff</color>
		</PolyStyle>
	</Style>
	<StyleMap id="polyStyle11">
		<Pair>
			<key>normal</key>
			<styleUrl>#polyStyle0</styleUrl>
		</Pair>
		<Pair>
			<key>highlight</key>
			<styleUrl>#polyStyle16</styleUrl>
		</Pair>
	</StyleMap>
	<StyleMap id="polyStyle12">
		<Pair>
			<key>normal</key>
			<styleUrl>#polyStyle13</styleUrl>
		</Pair>
		<Pair>
			<key>highlight</key>
			<styleUrl>#polyStyle15</styleUrl>
		</Pair>
	</StyleMap>
	<Style id="polyStyle13">
		<PolyStyle>
			<color>33ffffff</color>
		</PolyStyle>
	</Style>
	<Style id="polyStyle14">
		<PolyStyle>
			<color>33ffffff</color>
		</PolyStyle>
	</Style>
	<Style id="polyStyle15">
		<PolyStyle>
			<color>33ffffff</color>
		</PolyStyle>
	</Style>
	<Style id="polyStyle16">
		<PolyStyle>
			<color>33ffffff</color>
		</PolyStyle>
	</Style>
	<Style id="polyStyle2">
		<PolyStyle>
			<color>33ffffff</color>
		</PolyStyle>
	</Style>
	<StyleMap id="polyStyle3">
		<Pair>
			<key>normal</key>
			<styleUrl>#polyStyle7</styleUrl>
		</Pair>
		<Pair>
			<key>highlight</key>
			<styleUrl>#polyStyle2</styleUrl>
		</Pair>
	</StyleMap>
	<StyleMap id="polyStyle40">
		<Pair>
			<key>normal</key>
			<styleUrl>#polyStyle90</styleUrl>
		</Pair>
		<Pair>
			<key>highlight</key>
			<styleUrl>#polyStyle51</styleUrl>
		</Pair>
	</StyleMap>
	<StyleMap id="polyStyle41">
		<Pair>
			<key>normal</key>
			<styleUrl>#polyStyle9</styleUrl>
		</Pair>
		<Pair>
			<key>highlight</key>
			<styleUrl>#polyStyle50</styleUrl>
		</Pair>
	</StyleMap>
	<StyleMap id="polyStyle4">
		<Pair>
			<key>normal</key>
			<styleUrl>#polyStyle91</styleUrl>
		</Pair>
		<Pair>
			<key>highlight</key>
			<styleUrl>#polyStyle5</styleUrl>
		</Pair>
	</StyleMap>
	<Style id="polyStyle50">
		<PolyStyle>
			<color>33ffffff</color>
		</PolyStyle>
	</Style>
	<Style id="polyStyle5">
		<PolyStyle>
			<color>33ffffff</color>
		</PolyStyle>
	</Style>
	<Style id="polyStyle51">
		<PolyStyle>
			<color>33ffffff</color>
		</PolyStyle>
	</Style>
	<StyleMap id="polyStyle6">
		<Pair>
			<key>normal</key>
			<styleUrl>#polyStyle10</styleUrl>
		</Pair>
		<Pair>
			<key>highlight</key>
			<styleUrl>#polyStyle1</styleUrl>
		</Pair>
	</StyleMap>
	<Style id="polyStyle7">
		<PolyStyle>
			<color>33ffffff</color>
		</PolyStyle>
	</Style>
	<Style id="polyStyle8">
		<PolyStyle>
			<color>33ffffff</color>
		</PolyStyle>
	</Style>
	<Style id="polyStyle9">
		<PolyStyle>
			<color>33ffffff</color>
		</PolyStyle>
	</Style>
	<Style id="polyStyle90">
		<PolyStyle>
			<color>33ffffff</color>
		</PolyStyle>
	</Style>
	<Style id="polyStyle91">
		<PolyStyle>
			<color>33ffffff</color>
		</PolyStyle>
	</Style>
	<Style id="s_ylw-pushpin">
		<IconStyle>
			<scale>1.1</scale>
			<Icon>
				<href>http://maps.google.com/mapfiles/kml/pushpin/ylw-pushpin.png</href>
			</Icon>
			<hotSpot x="20" y="2" xunits="pixels" yunits="pixels"/>
		</IconStyle>
	</Style>
	<Style id="s_ylw-pushpin0201">
		<IconStyle>
			<scale>1.1</scale>
			<Icon>
				<href>http://maps.google.com/mapfiles/kml/pushpin/ylw-pushpin.png</href>
			</Icon>
			<hotSpot x="20" y="2" xunits="pixels" yunits="pixels"/>
		</IconStyle>
	</Style>
	<Style id="s_ylw-pushpin20101">
		<IconStyle>
			<scale>1.1</scale>
			<Icon>
				<href>http://maps.google.com/mapfiles/kml/pushpin/ylw-pushpin.png</href>
			</Icon>
			<hotSpot x="20" y="2" xunits="pixels" yunits="pixels"/>
		</IconStyle>
	</Style>
	<Style id="s_ylw-pushpin2302">
		<IconStyle>
			<scale>1.1</scale>
			<Icon>
				<href>http://maps.google.com/mapfiles/kml/pushpin/ylw-pushpin.png</href>
			</Icon>
			<hotSpot x="20" y="2" xunits="pixels" yunits="pixels"/>
		</IconStyle>
	</Style>
	<Style id="s_ylw-pushpin250">
		<IconStyle>
			<scale>1.1</scale>
			<Icon>
				<href>http://maps.google.com/mapfiles/kml/pushpin/ylw-pushpin.png</href>
			</Icon>
			<hotSpot x="20" y="2" xunits="pixels" yunits="pixels"/>
		</IconStyle>
	</Style>
	<Style id="s_ylw-pushpin400">
		<IconStyle>
			<scale>1.1</scale>
			<Icon>
				<href>http://maps.google.com/mapfiles/kml/pushpin/ylw-pushpin.png</href>
			</Icon>
			<hotSpot x="20" y="2" xunits="pixels" yunits="pixels"/>
		</IconStyle>
		<LineStyle>
			<color>ff6b6b6b</color>
		</LineStyle>
	</Style>
	<Style id="s_ylw-pushpin_hl">
		<IconStyle>
			<scale>1.3</scale>
			<Icon>
				<href>http://maps.google.com/mapfiles/kml/pushpin/ylw-pushpin.png</href>
			</Icon>
			<hotSpot x="20" y="2" xunits="pixels" yunits="pixels"/>
		</IconStyle>
	</Style>
	<Style id="s_ylw-pushpin_hl00202">
		<IconStyle>
			<scale>1.3</scale>
			<Icon>
				<href>http://maps.google.com/mapfiles/kml/pushpin/ylw-pushpin.png</href>
			</Icon>
			<hotSpot x="20" y="2" xunits="pixels" yunits="pixels"/>
		</IconStyle>
	</Style>
	<Style id="s_ylw-pushpin_hl0031">
		<IconStyle>
			<scale>1.3</scale>
			<Icon>
				<href>http://maps.google.com/mapfiles/kml/pushpin/ylw-pushpin.png</href>
			</Icon>
			<hotSpot x="20" y="2" xunits="pixels" yunits="pixels"/>
		</IconStyle>
	</Style>
	<Style id="s_ylw-pushpin_hl1112">
		<IconStyle>
			<scale>1.3</scale>
			<Icon>
				<href>http://maps.google.com/mapfiles/kml/pushpin/ylw-pushpin.png</href>
			</Icon>
			<hotSpot x="20" y="2" xunits="pixels" yunits="pixels"/>
		</IconStyle>
	</Style>
	<Style id="s_ylw-pushpin_hl21">
		<IconStyle>
			<scale>1.3</scale>
			<Icon>
				<href>http://maps.google.com/mapfiles/kml/pushpin/ylw-pushpin.png</href>
			</Icon>
			<hotSpot x="20" y="2" xunits="pixels" yunits="pixels"/>
		</IconStyle>
	</Style>
	<Style id="s_ylw-pushpin_hl310">
		<IconStyle>
			<scale>1.3</scale>
			<Icon>
				<href>http://maps.google.com/mapfiles/kml/pushpin/ylw-pushpin.png</href>
			</Icon>
			<hotSpot x="20" y="2" xunits="pixels" yunits="pixels"/>
		</IconStyle>
		<LineStyle>
			<color>ff6b6b6b</color>
		</LineStyle>
	</Style>
	<Style id="sh_ylw-pushpin">
		<IconStyle>
			<scale>1.3</scale>
			<Icon>
				<href>http://maps.google.com/mapfiles/kml/pushpin/ylw-pushpin.png</href>
			</Icon>
			<hotSpot x="20" y="2" xunits="pixels" yunits="pixels"/>
		</IconStyle>
		<BalloonStyle>
		</BalloonStyle>
		<LineStyle>
			<color>ff0000ff</color>
		</LineStyle>
	</Style>
	<Style id="sh_ylw-pushpin0">
		<IconStyle>
			<scale>1.3</scale>
			<Icon>
				<href>http://maps.google.com/mapfiles/kml/pushpin/ylw-pushpin.png</href>
			</Icon>
			<hotSpot x="20" y="2" xunits="pixels" yunits="pixels"/>
		</IconStyle>
		<BalloonStyle>
		</BalloonStyle>
		<PolyStyle>
			<color>33ffffff</color>
		</PolyStyle>
	</Style>
	<Style id="sh_ylw-pushpin1">
		<IconStyle>
			<scale>1.3</scale>
			<Icon>
				<href>http://maps.google.com/mapfiles/kml/pushpin/ylw-pushpin.png</href>
			</Icon>
			<hotSpot x="20" y="2" xunits="pixels" yunits="pixels"/>
		</IconStyle>
		<BalloonStyle>
		</BalloonStyle>
	</Style>
	<Style id="sh_ylw-pushpin2">
		<IconStyle>
			<scale>1.3</scale>
			<Icon>
				<href>http://maps.google.com/mapfiles/kml/pushpin/ylw-pushpin.png</href>
			</Icon>
			<hotSpot x="20" y="2" xunits="pixels" yunits="pixels"/>
		</IconStyle>
		<BalloonStyle>
		</BalloonStyle>
		<LineStyle>
			<color>ff00ffff</color>
		</LineStyle>
	</Style>
	<Style id="sh_ylw-pushpin017">
		<IconStyle>
			<scale>1.3</scale>
			<Icon>
				<href>http://maps.google.com/mapfiles/kml/pushpin/ylw-pushpin.png</href>
			</Icon>
			<hotSpot x="20" y="2" xunits="pixels" yunits="pixels"/>
		</IconStyle>
		<LineStyle>
			<color>ff00ffff</color>
		</LineStyle>
	</Style>
	<Style id="sh_ylw-pushpin050">
		<IconStyle>
			<scale>1.3</scale>
			<Icon>
				<href>http://maps.google.com/mapfiles/kml/pushpin/ylw-pushpin.png</href>
			</Icon>
			<hotSpot x="20" y="2" xunits="pixels" yunits="pixels"/>
		</IconStyle>
		<LineStyle>
			<color>ff0000ff</color>
		</LineStyle>
	</Style>
	<Style id="sh_ylw-pushpin1011">
		<IconStyle>
			<scale>1.3</scale>
			<Icon>
				<href>http://maps.google.com/mapfiles/kml/pushpin/ylw-pushpin.png</href>
			</Icon>
			<hotSpot x="20" y="2" xunits="pixels" yunits="pixels"/>
		</IconStyle>
		<LineStyle>
			<color>ff6b6b6b</color>
		</LineStyle>
	</Style>
	<Style id="sh_ylw-pushpin1111">
		<IconStyle>
			<scale>1.3</scale>
			<Icon>
				<href>http://maps.google.com/mapfiles/kml/pushpin/ylw-pushpin.png</href>
			</Icon>
			<hotSpot x="20" y="2" xunits="pixels" yunits="pixels"/>
		</IconStyle>
		<LineStyle>
			<color>ff6b6b6b</color>
		</LineStyle>
	</Style>
	<Style id="sh_ylw-pushpin1211">
		<IconStyle>
			<scale>1.3</scale>
			<Icon>
				<href>http://maps.google.com/mapfiles/kml/pushpin/ylw-pushpin.png</href>
			</Icon>
			<hotSpot x="20" y="2" xunits="pixels" yunits="pixels"/>
		</IconStyle>
		<LineStyle>
			<color>ff00ffff</color>
		</LineStyle>
	</Style>
	<Style id="sh_ylw-pushpin12110">
		<IconStyle>
			<scale>1.3</scale>
			<Icon>
				<href>http://maps.google.com/mapfiles/kml/pushpin/ylw-pushpin.png</href>
			</Icon>
			<hotSpot x="20" y="2" xunits="pixels" yunits="pixels"/>
		</IconStyle>
		<LineStyle>
			<color>ff00ffff</color>
		</LineStyle>
	</Style>
	<Style id="sh_ylw-pushpin152">
		<IconStyle>
			<scale>1.3</scale>
			<Icon>
				<href>http://maps.google.com/mapfiles/kml/pushpin/ylw-pushpin.png</href>
			</Icon>
			<hotSpot x="20" y="2" xunits="pixels" yunits="pixels"/>
		</IconStyle>
		<LineStyle>
			<color>ff6b6b6b</color>
		</LineStyle>
	</Style>
	<Style id="sh_ylw-pushpin190">
		<IconStyle>
			<scale>1.3</scale>
			<Icon>
				<href>http://maps.google.com/mapfiles/kml/pushpin/ylw-pushpin.png</href>
			</Icon>
			<hotSpot x="20" y="2" xunits="pixels" yunits="pixels"/>
		</IconStyle>
		<LineStyle>
			<color>ff6b6b6b</color>
		</LineStyle>
	</Style>
	<Style id="sh_ylw-pushpin228">
		<IconStyle>
			<scale>1.3</scale>
			<Icon>
				<href>http://maps.google.com/mapfiles/kml/pushpin/ylw-pushpin.png</href>
			</Icon>
			<hotSpot x="20" y="2" xunits="pixels" yunits="pixels"/>
		</IconStyle>
		<LineStyle>
			<color>ff0000ff</color>
		</LineStyle>
	</Style>
	<Style id="sh_ylw-pushpin261">
		<IconStyle>
			<scale>1.3</scale>
			<Icon>
				<href>http://maps.google.com/mapfiles/kml/pushpin/ylw-pushpin.png</href>
			</Icon>
			<hotSpot x="20" y="2" xunits="pixels" yunits="pixels"/>
		</IconStyle>
		<LineStyle>
			<color>ff6b6b6b</color>
		</LineStyle>
	</Style>
	<Style id="sh_ylw-pushpin3130">
		<IconStyle>
			<scale>1.3</scale>
			<Icon>
				<href>http://maps.google.com/mapfiles/kml/pushpin/ylw-pushpin.png</href>
			</Icon>
			<hotSpot x="20" y="2" xunits="pixels" yunits="pixels"/>
		</IconStyle>
		<LineStyle>
			<color>ff6b6b6b</color>
		</LineStyle>
	</Style>
	<Style id="sh_ylw-pushpin400">
		<IconStyle>
			<scale>1.3</scale>
			<Icon>
				<href>http://maps.google.com/mapfiles/kml/pushpin/ylw-pushpin.png</href>
			</Icon>
			<hotSpot x="20" y="2" xunits="pixels" yunits="pixels"/>
		</IconStyle>
		<LineStyle>
			<color>ff6b6b6b</color>
		</LineStyle>
	</Style>
	<Style id="sh_ylw-pushpin401">
		<IconStyle>
			<scale>1.3</scale>
			<Icon>
				<href>http://maps.google.com/mapfiles/kml/pushpin/ylw-pushpin.png</href>
			</Icon>
			<hotSpot x="20" y="2" xunits="pixels" yunits="pixels"/>
		</IconStyle>
	</Style>
	<Style id="sh_ylw-pushpin4110">
		<IconStyle>
			<scale>1.3</scale>
			<Icon>
				<href>http://maps.google.com/mapfiles/kml/pushpin/ylw-pushpin.png</href>
			</Icon>
			<hotSpot x="20" y="2" xunits="pixels" yunits="pixels"/>
		</IconStyle>
		<LineStyle>
			<color>ff00ffff</color>
		</LineStyle>
	</Style>
	<Style id="sh_ylw-pushpin4510">
		<IconStyle>
			<scale>1.3</scale>
			<Icon>
				<href>http://maps.google.com/mapfiles/kml/pushpin/ylw-pushpin.png</href>
			</Icon>
			<hotSpot x="20" y="2" xunits="pixels" yunits="pixels"/>
		</IconStyle>
		<LineStyle>
			<color>ff00ffff</color>
		</LineStyle>
	</Style>
	<Style id="sh_ylw-pushpin502">
		<IconStyle>
			<scale>1.3</scale>
			<Icon>
				<href>http://maps.google.com/mapfiles/kml/pushpin/ylw-pushpin.png</href>
			</Icon>
			<hotSpot x="20" y="2" xunits="pixels" yunits="pixels"/>
		</IconStyle>
		<LineStyle>
			<color>ff00ffff</color>
		</LineStyle>
	</Style>
	<Style id="sh_ylw-pushpin611">
		<IconStyle>
			<scale>1.3</scale>
			<Icon>
				<href>http://maps.google.com/mapfiles/kml/pushpin/ylw-pushpin.png</href>
			</Icon>
			<hotSpot x="20" y="2" xunits="pixels" yunits="pixels"/>
		</IconStyle>
		<PolyStyle>
			<color>33ffffff</color>
		</PolyStyle>
	</Style>
	<Style id="sh_ylw-pushpin812">
		<IconStyle>
			<scale>1.3</scale>
			<Icon>
				<href>http://maps.google.com/mapfiles/kml/pushpin/ylw-pushpin.png</href>
			</Icon>
			<hotSpot x="20" y="2" xunits="pixels" yunits="pixels"/>
		</IconStyle>
		<LineStyle>
			<color>ff00ffff</color>
		</LineStyle>
	</Style>
	<Style id="sh_ylw-pushpin970">
		<IconStyle>
			<scale>1.3</scale>
			<Icon>
				<href>http://maps.google.com/mapfiles/kml/pushpin/ylw-pushpin.png</href>
			</Icon>
			<hotSpot x="20" y="2" xunits="pixels" yunits="pixels"/>
		</IconStyle>
		<PolyStyle>
			<color>33ffffff</color>
		</PolyStyle>
	</Style>
	<Style id="sh_ylw-pushpin971">
		<IconStyle>
			<scale>1.3</scale>
			<Icon>
				<href>http://maps.google.com/mapfiles/kml/pushpin/ylw-pushpin.png</href>
			</Icon>
			<hotSpot x="20" y="2" xunits="pixels" yunits="pixels"/>
		</IconStyle>
		<PolyStyle>
			<color>33ffffff</color>
		</PolyStyle>
	</Style>
	<Style id="sn_ylw-pushpin">
		<IconStyle>
			<scale>1.1</scale>
			<Icon>
				<href>http://maps.google.com/mapfiles/kml/pushpin/ylw-pushpin.png</href>
			</Icon>
			<hotSpot x="20" y="2" xunits="pixels" yunits="pixels"/>
		</IconStyle>
		<BalloonStyle>
		</BalloonStyle>
		<LineStyle>
			<color>ff0000ff</color>
		</LineStyle>
	</Style>
	<Style id="sn_ylw-pushpin0">
		<IconStyle>
			<scale>1.1</scale>
			<Icon>
				<href>http://maps.google.com/mapfiles/kml/pushpin/ylw-pushpin.png</href>
			</Icon>
			<hotSpot x="20" y="2" xunits="pixels" yunits="pixels"/>
		</IconStyle>
		<BalloonStyle>
		</BalloonStyle>
		<PolyStyle>
			<color>33ffffff</color>
		</PolyStyle>
	</Style>
	<Style id="sn_ylw-pushpin2">
		<IconStyle>
			<scale>1.1</scale>
			<Icon>
				<href>http://maps.google.com/mapfiles/kml/pushpin/ylw-pushpin.png</href>
			</Icon>
			<hotSpot x="20" y="2" xunits="pixels" yunits="pixels"/>
		</IconStyle>
		<BalloonStyle>
		</BalloonStyle>
		<LineStyle>
			<color>ff00ffff</color>
		</LineStyle>
	</Style>
	<Style id="sn_ylw-pushpin1">
		<IconStyle>
			<scale>1.1</scale>
			<Icon>
				<href>http://maps.google.com/mapfiles/kml/pushpin/ylw-pushpin.png</href>
			</Icon>
			<hotSpot x="20" y="2" xunits="pixels" yunits="pixels"/>
		</IconStyle>
		<BalloonStyle>
		</BalloonStyle>
	</Style>
	<Style id="sn_ylw-pushpin040">
		<IconStyle>
			<scale>1.1</scale>
			<Icon>
				<href>http://maps.google.com/mapfiles/kml/pushpin/ylw-pushpin.png</href>
			</Icon>
			<hotSpot x="20" y="2" xunits="pixels" yunits="pixels"/>
		</IconStyle>
		<LineStyle>
			<color>ff0000ff</color>
		</LineStyle>
	</Style>
	<Style id="sn_ylw-pushpin10001">
		<IconStyle>
			<scale>1.1</scale>
			<Icon>
				<href>http://maps.google.com/mapfiles/kml/pushpin/ylw-pushpin.png</href>
			</Icon>
			<hotSpot x="20" y="2" xunits="pixels" yunits="pixels"/>
		</IconStyle>
		<LineStyle>
			<color>ff00ffff</color>
		</LineStyle>
	</Style>
	<Style id="sn_ylw-pushpin1040">
		<IconStyle>
			<scale>1.1</scale>
			<Icon>
				<href>http://maps.google.com/mapfiles/kml/pushpin/ylw-pushpin.png</href>
			</Icon>
			<hotSpot x="20" y="2" xunits="pixels" yunits="pixels"/>
		</IconStyle>
		<LineStyle>
			<color>ff6b6b6b</color>
		</LineStyle>
	</Style>
	<Style id="sn_ylw-pushpin12700">
		<IconStyle>
			<scale>1.1</scale>
			<Icon>
				<href>http://maps.google.com/mapfiles/kml/pushpin/ylw-pushpin.png</href>
			</Icon>
			<hotSpot x="20" y="2" xunits="pixels" yunits="pixels"/>
		</IconStyle>
		<LineStyle>
			<color>ff6b6b6b</color>
		</LineStyle>
	</Style>
	<Style id="sn_ylw-pushpin1350">
		<IconStyle>
			<scale>1.1</scale>
			<Icon>
				<href>http://maps.google.com/mapfiles/kml/pushpin/ylw-pushpin.png</href>
			</Icon>
			<hotSpot x="20" y="2" xunits="pixels" yunits="pixels"/>
		</IconStyle>
		<LineStyle>
			<color>ff6b6b6b</color>
		</LineStyle>
	</Style>
	<Style id="sn_ylw-pushpin143">
		<IconStyle>
			<scale>1.1</scale>
			<Icon>
				<href>http://maps.google.com/mapfiles/kml/pushpin/ylw-pushpin.png</href>
			</Icon>
			<hotSpot x="20" y="2" xunits="pixels" yunits="pixels"/>
		</IconStyle>
		<LineStyle>
			<color>ff6b6b6b</color>
		</LineStyle>
	</Style>
	<Style id="sn_ylw-pushpin151">
		<IconStyle>
			<scale>1.1</scale>
			<Icon>
				<href>http://maps.google.com/mapfiles/kml/pushpin/ylw-pushpin.png</href>
			</Icon>
			<hotSpot x="20" y="2" xunits="pixels" yunits="pixels"/>
		</IconStyle>
		<LineStyle>
			<color>ff00ffff</color>
		</LineStyle>
	</Style>
	<Style id="sn_ylw-pushpin204">
		<IconStyle>
			<scale>1.1</scale>
			<Icon>
				<href>http://maps.google.com/mapfiles/kml/pushpin/ylw-pushpin.png</href>
			</Icon>
			<hotSpot x="20" y="2" xunits="pixels" yunits="pixels"/>
		</IconStyle>
		<LineStyle>
			<color>ff0000ff</color>
		</LineStyle>
	</Style>
	<Style id="sn_ylw-pushpin20400">
		<IconStyle>
			<scale>1.1</scale>
			<Icon>
				<href>http://maps.google.com/mapfiles/kml/pushpin/ylw-pushpin.png</href>
			</Icon>
			<hotSpot x="20" y="2" xunits="pixels" yunits="pixels"/>
		</IconStyle>
		<LineStyle>
			<color>ff00ffff</color>
		</LineStyle>
	</Style>
	<Style id="sn_ylw-pushpin227">
		<IconStyle>
			<scale>1.1</scale>
			<Icon>
				<href>http://maps.google.com/mapfiles/kml/pushpin/ylw-pushpin.png</href>
			</Icon>
			<hotSpot x="20" y="2" xunits="pixels" yunits="pixels"/>
		</IconStyle>
		<LineStyle>
			<color>ff6b6b6b</color>
		</LineStyle>
	</Style>
	<Style id="sn_ylw-pushpin254">
		<IconStyle>
			<scale>1.1</scale>
			<Icon>
				<href>http://maps.google.com/mapfiles/kml/pushpin/ylw-pushpin.png</href>
			</Icon>
			<hotSpot x="20" y="2" xunits="pixels" yunits="pixels"/>
		</IconStyle>
		<LineStyle>
			<color>ff00ffff</color>
		</LineStyle>
	</Style>
	<Style id="sn_ylw-pushpin30000">
		<IconStyle>
			<scale>1.1</scale>
			<Icon>
				<href>http://maps.google.com/mapfiles/kml/pushpin/ylw-pushpin.png</href>
			</Icon>
			<hotSpot x="20" y="2" xunits="pixels" yunits="pixels"/>
		</IconStyle>
		<PolyStyle>
			<color>33ffffff</color>
		</PolyStyle>
	</Style>
	<Style id="sn_ylw-pushpin3003">
		<IconStyle>
			<scale>1.1</scale>
			<Icon>
				<href>http://maps.google.com/mapfiles/kml/pushpin/ylw-pushpin.png</href>
			</Icon>
			<hotSpot x="20" y="2" xunits="pixels" yunits="pixels"/>
		</IconStyle>
		<PolyStyle>
			<color>33ffffff</color>
		</PolyStyle>
	</Style>
	<Style id="sn_ylw-pushpin319">
		<IconStyle>
			<scale>1.1</scale>
			<Icon>
				<href>http://maps.google.com/mapfiles/kml/pushpin/ylw-pushpin.png</href>
			</Icon>
			<hotSpot x="20" y="2" xunits="pixels" yunits="pixels"/>
		</IconStyle>
		<LineStyle>
			<color>ff00ffff</color>
		</LineStyle>
	</Style>
	<Style id="sn_ylw-pushpin3190">
		<IconStyle>
			<scale>1.1</scale>
			<Icon>
				<href>http://maps.google.com/mapfiles/kml/pushpin/ylw-pushpin.png</href>
			</Icon>
			<hotSpot x="20" y="2" xunits="pixels" yunits="pixels"/>
		</IconStyle>
		<LineStyle>
			<color>ff00ffff</color>
		</LineStyle>
	</Style>
	<Style id="sn_ylw-pushpin351">
		<IconStyle>
			<scale>1.1</scale>
			<Icon>
				<href>http://maps.google.com/mapfiles/kml/pushpin/ylw-pushpin.png</href>
			</Icon>
			<hotSpot x="20" y="2" xunits="pixels" yunits="pixels"/>
		</IconStyle>
		<PolyStyle>
			<color>33ffffff</color>
		</PolyStyle>
	</Style>
	<Style id="sn_ylw-pushpin4000">
		<IconStyle>
			<scale>1.1</scale>
			<Icon>
				<href>http://maps.google.com/mapfiles/kml/pushpin/ylw-pushpin.png</href>
			</Icon>
			<hotSpot x="20" y="2" xunits="pixels" yunits="pixels"/>
		</IconStyle>
	</Style>
	<Style id="sn_ylw-pushpin419">
		<IconStyle>
			<scale>1.1</scale>
			<Icon>
				<href>http://maps.google.com/mapfiles/kml/pushpin/ylw-pushpin.png</href>
			</Icon>
			<hotSpot x="20" y="2" xunits="pixels" yunits="pixels"/>
		</IconStyle>
		<LineStyle>
			<color>ff6b6b6b</color>
		</LineStyle>
	</Style>
	<Style id="sn_ylw-pushpin490">
		<IconStyle>
			<scale>1.1</scale>
			<Icon>
				<href>http://maps.google.com/mapfiles/kml/pushpin/ylw-pushpin.png</href>
			</Icon>
			<hotSpot x="20" y="2" xunits="pixels" yunits="pixels"/>
		</IconStyle>
		<LineStyle>
			<color>ff6b6b6b</color>
		</LineStyle>
	</Style>
	<Style id="sn_ylw-pushpin613">
		<IconStyle>
			<scale>1.1</scale>
			<Icon>
				<href>http://maps.google.com/mapfiles/kml/pushpin/ylw-pushpin.png</href>
			</Icon>
			<hotSpot x="20" y="2" xunits="pixels" yunits="pixels"/>
		</IconStyle>
		<LineStyle>
			<color>ff00ffff</color>
		</LineStyle>
	</Style>
	<Folder>
		<name>EPWR</name>
		<open>1</open>
		<Folder>
			<name>Base</name>
			<Placemark>
				<name>Base</name>
				<styleUrl>#msn_ylw-pushpin2112</styleUrl>
				<Polygon>
					<tessellate>1</tessellate>
					<gx:altitudeMode>clampToSeaFloor</gx:altitudeMode>
					<outerBoundaryIs>
						<LinearRing>
							<coordinates>
								16.86368882144442,51.10801540954662,0 16.86601583145972,51.10618611595137,0 16.86952475962098,51.10351948447222,0 16.86977056569979,51.10357336384361,0 16.87209006024354,51.1025547953999,0 16.87698799729385,51.10066352423745,0 16.87702193048642,51.10055998593217,0 16.87751444873346,51.10035299064657,0 16.87775837579254,51.10039984477316,0 16.88030019565684,51.09974163928271,0 16.88053966589099,51.09964097095712,0 16.88572467197977,51.09696738243451,0 16.88625749241724,51.09673258664446,0 16.88678603137988,51.09656327084551,0 16.88783853126186,51.09637756960201,0 16.89539909046145,51.09510474921787,0 16.89841026938971,51.09460266219274,0 16.89848935354514,51.09449398095673,0 16.89840579137018,51.09442022189788,0 16.89849387430606,51.09437199648462,0 16.89891993521959,51.09474165785788,0 16.90158905431529,51.09429341671093,0 16.91116906403173,51.09464607273532,0 16.91056717505815,51.09612873610337,0 16.91047459214601,51.09621101313218,0 16.910020590167,51.09609048719675,0 16.90829191974761,51.09818118628354,0 16.90819482535107,51.09834147505664,0 16.90816774470938,51.09847339039757,0 16.90819039893406,51.0988468876991,0 16.90834400203597,51.09890503204706,0 16.90835078754361,51.0989560948051,0 16.90819720642898,51.09902135335329,0 16.90824926684252,51.09962709316983,0 16.90823803966851,51.099995884433,0 16.90826302404548,51.1036110744086,0 16.90792384302783,51.10360343805464,0 16.90796809347541,51.10450997786494,0 16.90791463164219,51.10457153666437,0 16.90695985043098,51.10471581964806,0 16.90566762256529,51.10509522086975,0 16.90353067367477,51.10511918322609,0 16.90287855592565,51.1050654803941,0 16.9022016961229,51.10504042587758,0 16.90161013561005,51.10497835815346,0 16.90057986321147,51.1049174847177,0 16.90041518773418,51.10496275626085,0 16.89992971229707,51.10480238157606,0 16.89914408968858,51.10412523561371,0 16.89818997600288,51.10414629096745,0 16.89815169467899,51.10416386078214,0 16.89665795618076,51.10430821445599,0 16.89514639734849,51.10454034091256,0 16.89510966645363,51.10457548015193,0 16.89452376775175,51.10466220879163,0 16.8946506020696,51.10498419543872,0 16.89458414133025,51.10499187956169,0 16.89456140118892,51.10502482304227,0 16.89378142628558,51.10514194504879,0 16.893161714762,51.10535165747867,0 16.89301133639714,51.10544250017749,0 16.89239660932176,51.10566055441913,0 16.88849109267745,51.10711268845517,0 16.88752197627864,51.10745718599422,0 16.88731078299897,51.10721786288042,0 16.88655456235337,51.10743226427795,0 16.88646582042562,51.10732955824826,0 16.88630086486779,51.1073756944226,0 16.88588452120255,51.10678973109189,0 16.88555681054068,51.10687707786006,0 16.8855852377595,51.10691467258732,0 16.88495583299158,51.10735451767692,0 16.88469838525179,51.10746075031531,0 16.88424752439692,51.10732864482279,0 16.88415166393735,51.10735660358762,0 16.88490786636095,51.10833895844218,0 16.8849294577298,51.10836778041562,0 16.88392334936548,51.10872449805716,0 16.88374985956727,51.10846542559842,0 16.8835937000439,51.10850885130062,0 16.88361307656453,51.10856372819289,0 16.88171181620438,51.10914180853916,0 16.87884277180542,51.10956666505688,0 16.87735506773041,51.11003491818337,0 16.87725188698938,51.11012672762051,0 16.87578428319161,51.1105773372261,0 16.8756377116057,51.11072343524101,0 16.87494434169545,51.11092344664739,0 16.87490313299176,51.11083749507429,0 16.87399101378346,51.11098219325493,0 16.86966522769209,51.11181534838462,0 16.86822179729031,51.11209281908335,0 16.86696655859386,51.1122620991697,0 16.86699216891966,51.11240051721769,0 16.86527366756457,51.11253941012692,0 16.86198897465662,51.11213512923351,0 16.85926070031741,51.11323142685624,0 16.85651647799445,51.1101287962563,0 16.86368882144442,51.10801540954662,0 
							</coordinates>
						</LinearRing>
					</outerBoundaryIs>
				</Polygon>
			</Placemark>
		</Folder>
		<Folder>
			<name>RWY</name>
			<Placemark>
				<name>RWY11/29</name>
				<styleUrl>#msn_ylw-pushpin2112</styleUrl>
				<Polygon>
					<tessellate>1</tessellate>
					<outerBoundaryIs>
						<LinearRing>
							<coordinates>
								16.86528051444219,51.10868732638416,0 16.86564699712495,51.10856612490045,0 16.86553631029079,51.10842779435281,0 16.86653731294506,51.10812083987993,0 16.86715704127475,51.10810070065924,0 16.87157143823622,51.10676463674398,0 16.87260361999958,51.10644815111692,0 16.88000331607389,51.10418261803022,0 16.89037558939157,51.10100825315962,0 16.89725551872261,51.09889041627694,0 16.89818175056739,51.09860919154769,0 16.89855038035065,51.09909179412907,0 16.89833497902267,51.0991582170955,0 16.89826651523785,51.09918510908733,0 16.89740880568197,51.09944877568952,0 16.88419614701159,51.10349897437226,0 16.87301650254444,51.10691414248602,0 16.87174143428994,51.10730072392123,0 16.86565914875607,51.10916665061153,0 16.86528051444219,51.10868732638416,0 
							</coordinates>
						</LinearRing>
					</outerBoundaryIs>
				</Polygon>
			</Placemark>
		</Folder>
		<Folder>
			<name>TWY</name>
			<Placemark>
				<name>A1-A2</name>
				<styleUrl>#msn_ylw-pushpin2111</styleUrl>
				<Polygon>
					<tessellate>1</tessellate>
					<outerBoundaryIs>
						<LinearRing>
							<coordinates>
								16.8982669476235,51.09918565895848,0 16.89869232169432,51.09974098911393,0 16.89976742572183,51.10108682612531,0 16.90077395692012,51.10242195130365,0 16.90026375510458,51.10257009322796,0 16.89941171751646,51.10144357419479,0 16.89835996989554,51.10008315700617,0 16.89800423323857,51.09964594861873,0 16.89796581956201,51.09960185986813,0 16.89793402879415,51.09956941713821,0 16.89789164054109,51.09954113346033,0 16.89782805744908,51.09951617678394,0 16.89773798122721,51.09948706032424,0 16.89763528424436,51.09946588491103,0 16.89754653208012,51.0994550690979,0 16.89745910430098,51.09945007621052,0 16.89740479299049,51.09944924320132,0 16.8982669476235,51.09918565895848,0 
							</coordinates>
						</LinearRing>
					</outerBoundaryIs>
				</Polygon>
			</Placemark>
			<Placemark>
				<name>A3</name>
				<styleUrl>#msn_ylw-pushpin2111</styleUrl>
				<Polygon>
					<tessellate>1</tessellate>
					<outerBoundaryIs>
						<LinearRing>
							<coordinates>
								16.9007739977418,51.10242175927287,0 16.90167873933882,51.103598088369,0 16.90177870666704,51.10372199973538,0 16.9018279448113,51.1037737829415,0 16.90188066156298,51.1038205282675,0 16.90193359172644,51.10385376184303,0 16.90200621620157,51.10388313056585,0 16.90208007114927,51.10390167867574,0 16.90217362030679,51.10391481610088,0 16.90231210263917,51.10391731102047,0 16.90375840034353,51.10390109373955,0 16.90375924957278,51.10381721718933,0 16.90537713831643,51.10380209754495,0 16.90539003199682,51.10421571394708,0 16.90185996409818,51.10425437709141,0 16.9017829018936,51.10435115895821,0 16.90107786238291,51.10415269507099,0 16.900541266228,51.10415108640696,0 16.90061136801132,51.10405263132523,0 16.9007018784047,51.10405189263252,0 16.90085233552173,51.10397397628576,0 16.90086135248536,51.10331011926063,0 16.90026310168066,51.10256967293609,0 16.9007739977418,51.10242175927287,0 
							</coordinates>
						</LinearRing>
					</outerBoundaryIs>
				</Polygon>
			</Placemark>
			<Placemark>
				<name>A4</name>
				<styleUrl>#msn_ylw-pushpin2111</styleUrl>
				<Polygon>
					<tessellate>1</tessellate>
					<outerBoundaryIs>
						<LinearRing>
							<coordinates>
								16.90699380163729,51.1037840135415,0 16.90700318937947,51.10409316907797,0 16.90538728000788,51.10411252620386,0 16.90537642961046,51.10380139047877,0 16.90699380163729,51.1037840135415,0 
							</coordinates>
						</LinearRing>
					</outerBoundaryIs>
				</Polygon>
			</Placemark>
			<Placemark>
				<name>B1</name>
				<styleUrl>#msn_ylw-pushpin2111</styleUrl>
				<Polygon>
					<tessellate>1</tessellate>
					<outerBoundaryIs>
						<LinearRing>
							<coordinates>
								16.89976111809281,51.10107805528035,0 16.89999364307282,51.10128865794515,0 16.90008356106347,51.1013564138389,0 16.90013975978047,51.10137970484885,0 16.90021731396255,51.1013959378504,0 16.90028812424768,51.10139946657103,0 16.90038478579006,51.101393114056,0 16.90048726207807,51.10136687672519,0 16.90055357599303,51.10133935047313,0 16.90062213771793,51.10130900099529,0 16.90065810419524,51.1012758285483,0 16.90067721101157,51.10123842145748,0 16.90067945850838,51.10121301293869,0 16.90067383803707,51.10117701759856,0 16.9012652190681,51.10099378997845,0 16.90138104062636,51.10114623956667,0 16.90154144244737,51.10110131401659,0 16.90170553908169,51.10104414242264,0 16.90180219835485,51.10100532231956,0 16.90190447682724,51.10095450356644,0 16.9020078792072,51.10090509625397,0 16.90205246601817,51.10087858516993,0 16.90208730686511,51.10083835437919,0 16.90209854477683,51.10080306456551,0 16.90210079111463,51.10076989229947,0 16.9020895501189,51.10074024924553,0 16.90268330143109,51.10055671945863,0 16.90278774702081,51.10071342935403,0 16.90280798120842,51.10076071690762,0 16.90281809997414,51.10081012208342,0 16.902816978713,51.10085246962153,0 16.90280461885904,51.10091034486417,0 16.90277427585611,51.10097339427362,0 16.90275404686464,51.10101080173897,0 16.90271583521576,51.10106091389034,0 16.90265626775182,51.10110467440951,0 16.9026000715813,51.10113996532491,0 16.90253937904884,51.10116819839338,0 16.90181500334374,51.10139033312153,0 16.90108726179722,51.10161555189829,0 16.90094852908768,51.10167606981431,0 16.90070687562324,51.1017995854127,0 16.90059578331585,51.10186808115954,0 16.90057667600721,51.10189490136745,0 16.90056431266416,51.10192807365614,0 16.90056318924213,51.10196406904548,0 16.90057105782617,51.10200923967883,0 16.90076755661147,51.10241390869628,0 16.89976111809281,51.10107805528035,0 
							</coordinates>
						</LinearRing>
					</outerBoundaryIs>
				</Polygon>
			</Placemark>
			<Placemark>
				<name>B2</name>
				<styleUrl>#msn_ylw-pushpin0</styleUrl>
				<Polygon>
					<tessellate>1</tessellate>
					<outerBoundaryIs>
						<LinearRing>
							<coordinates>
								16.88341318419211,51.1070232965087,0 16.88317501823222,51.10671456169508,0 16.88476975839303,51.10622972943955,0 16.88591912437058,51.10588221132703,0 16.89391102508909,51.10343702016447,0 16.89918867083392,51.1018247572342,0 16.89924093846793,51.10179247740999,0 16.89932265503275,51.10172815648444,0 16.89937790007515,51.1016660035714,0 16.89940667371716,51.10160746410017,0 16.89942508896978,51.1015525381346,0 16.89942739118488,51.10151206632263,0 16.89941818422351,51.10147087174749,0 16.89940437355576,51.10143401339987,0 16.89994198444962,51.10214550041819,0 16.89989824888789,51.10211370115217,0 16.89986256993308,51.10209780151605,0 16.89981192886977,51.10208551542003,0 16.89972675983339,51.1020775655346,0 16.89966345853943,51.10207250646967,0 16.8995840440521,51.10208623782093,0 16.89932163004048,51.10215995350193,0 16.89413958348124,51.10373967164162,0 16.8865666482752,51.10606187088965,0 16.88396266704945,51.10685005648738,0 16.88341318419211,51.1070232965087,0 
							</coordinates>
						</LinearRing>
					</outerBoundaryIs>
				</Polygon>
			</Placemark>
			<Placemark>
				<name>B4</name>
				<styleUrl>#msn_ylw-pushpin2111</styleUrl>
				<Polygon>
					<tessellate>1</tessellate>
					<outerBoundaryIs>
						<LinearRing>
							<coordinates>
								16.87431626241125,51.10908463882504,0 16.87434228845277,51.10910608136633,0 16.87438550070321,51.10914333380145,0 16.8744397770817,51.10917238252104,0 16.87453449052555,51.10920326062988,0 16.8746108932489,51.10921968930188,0 16.87468528921679,51.10922854263051,0 16.87476069439229,51.10923045250928,0 16.87483510028258,51.10922099984523,0 16.87490844198063,51.10920564938535,0 16.87572108254873,51.10899426148657,0 16.88317927161495,51.10671300055659,0 16.88341356029846,51.10702371262677,0 16.8831579904624,51.10710439975383,0 16.88328752117696,51.10727929020024,0 16.87436670607688,51.11000553868196,0 16.87375856572162,51.10925562423168,0 16.87431626241125,51.10908463882504,0 
							</coordinates>
						</LinearRing>
					</outerBoundaryIs>
				</Polygon>
			</Placemark>
			<Placemark>
				<name>C</name>
				<styleUrl>#polyStyle3</styleUrl>
				<Polygon>
					<outerBoundaryIs>
						<LinearRing>
							<coordinates>
								16.87380377966593,51.1078939040856,0 16.87445282936097,51.10776256312329,0 16.89150631427765,51.1025198326262,0 16.89438700675965,51.10165244275839,0 16.89569592475891,51.10124316382961,0 16.89713090658188,51.10080524820604,0 16.89814746379853,51.10044480684981,0 16.89823597669602,51.1003959617769,0 16.89830571413041,51.10029153420655,0 16.89827352762223,51.10012815511522,0 16.89815998249848,51.0998370193042,0 16.89921075300533,51.1011846854161,0 16.89896821975708,51.10100567933318,0 16.89869999885559,51.10087430440679,0 16.89854979515076,51.10087430440679,0 16.89806699752808,51.1009719934902,0 16.89502000808716,51.10189160819167,0 16.89431190490723,51.10219814236033,0 16.89431726932526,51.10230593411238,0 16.89357697963715,51.10253667498681,0 16.89342677593232,51.10247435822184,0 16.89253628253937,51.1026596240335,0 16.88537704322719,51.10485675232158,0 16.88404930600192,51.10525081653,0 16.87412477456608,51.10828875952934,0 16.87380377966593,51.1078939040856,0 
							</coordinates>
						</LinearRing>
					</outerBoundaryIs>
				</Polygon>
			</Placemark>
			<Placemark>
				<name>C1</name>
				<styleUrl>#msn_ylw-pushpin2111</styleUrl>
				<Polygon>
					<tessellate>1</tessellate>
					<outerBoundaryIs>
						<LinearRing>
							<coordinates>
								16.89865954259743,51.09969935745785,0 16.89905831702976,51.10006070332471,0 16.89912082910732,51.10010366275446,0 16.89919111927113,51.10013020821498,0 16.89924655514278,51.10014354063742,0 16.89930670903702,51.10015094766886,0 16.89937393994147,51.10015020729582,0 16.89950840180651,51.10013391298403,0 16.8996369660785,51.10011317447533,0 16.89978322254598,51.10008428843693,0 16.89992445268954,51.10005127667414,0 16.9001881888569,51.09997095651127,0 16.90099251920111,51.09971934593238,0 16.90119482889427,51.09965490526697,0 16.90134426252364,51.09962009185835,0 16.90144451741359,51.09960527711255,0 16.90153533680404,51.09960083182893,0 16.90161907965417,51.09960527465176,0 16.90172235873612,51.0996182726173,0 16.90181789725869,51.09964271330071,0 16.90189574397225,51.09967307956758,0 16.90196415526572,51.09971011200297,0 16.90202313101742,51.09975084793627,0 16.90206913256559,51.09979084340213,0 16.90210451882899,51.09982935770873,0 16.90216231764578,51.09991507401521,0 16.90158589689241,51.10009188960818,0 16.9015505114757,51.10006966994188,0 16.90150569036413,51.10005189443471,0 16.90144671559836,51.10003782246233,0 16.90136886932346,51.100030416763,0 16.90128748502368,51.10003634315401,0 16.90101442736937,51.10009557906401,0 16.90072191601083,51.10017113019842,0 16.90065632457925,51.10020023633164,0 16.90065868391352,51.10022097514873,0 16.90075346136151,51.10034740408282,0 16.90017868182033,51.10052432070239,0 16.90015562560037,51.10051074918858,0 16.9001249585598,51.10049149177437,0 16.90007306063259,51.10047741909449,0 16.90000111132909,51.10047371583231,0 16.89991500809575,51.10048482598458,0 16.89982182781837,51.10050704616139,0 16.89972628837132,51.10054407971782,0 16.89966159464223,51.10058807446222,0 16.89962385046438,51.1006265893817,0 16.89960143969059,51.1006710296965,0 16.89959554195345,51.10071250735357,0 16.8996026186274,51.10077176118362,0 16.89973743484511,51.10104911282002,0 16.89865954259743,51.09969935745785,0 
							</coordinates>
						</LinearRing>
					</outerBoundaryIs>
				</Polygon>
			</Placemark>
			<Placemark>
				<name>C5</name>
				<styleUrl>#polyStyle4</styleUrl>
				<Polygon>
					<outerBoundaryIs>
						<LinearRing>
							<coordinates>
								16.87355264576112,51.10899208370763,0 16.8733431404954,51.10885771318335,0 16.87318682670594,51.10875950721919,0 16.87295079231263,51.10871909098488,0 16.87253773212433,51.10878645135575,0 16.87208712100983,51.10891780379659,0 16.87163650989533,51.10908283582132,0 16.87144339084626,51.10918050755832,0 16.87138438224793,51.10925460322113,0 16.87140047550202,51.10939269027577,0 16.87066555023194,51.1096082399754,0 16.87059581279755,51.10954424876325,0 16.87040990537721,51.10951334958482,0 16.87011301517487,51.10956445652403,0 16.86984479427338,51.10916366761838,0 16.87046170234681,51.10898516387786,0 16.87210321426392,51.10845975264043,0 16.87269866466523,51.10823072535995,0 16.87275767326355,51.10809600290012,0 16.87272925056262,51.10791345330578,0 16.87355264576112,51.10899208370763,0 
							</coordinates>
						</LinearRing>
					</outerBoundaryIs>
				</Polygon>
			</Placemark>
			<Placemark>
				<name>C6</name>
				<styleUrl>#polyStyle40</styleUrl>
				<Polygon>
					<tessellate>1</tessellate>
					<outerBoundaryIs>
						<LinearRing>
							<coordinates>
								16.87011381047012,51.10956240642894,0 16.86979728559696,51.10961294487603,0 16.8689327858435,51.10988458453121,0 16.86811281887354,51.11014008504961,0 16.86792311290776,51.11019519773325,0 16.86774935605622,51.11024073731989,0 16.86758714453446,51.11027058786598,0 16.86746345549992,51.11027954472981,0 16.86730640356323,51.1102738613438,0 16.86720113494007,51.11026541033049,0 16.86702981882943,51.11022264684292,0 16.86688286836086,51.1101757294923,0 16.86675046998544,51.1101059587945,0 16.86662251560942,51.11002035389368,0 16.86652316936271,51.10990751623851,0 16.86646017449303,51.10981317609271,0 16.86706183704275,51.10962612683877,0 16.8672190923618,51.10974854416555,0 16.86729966509141,51.10979644950558,0 16.86738129731655,51.10982442157719,0 16.86746241028377,51.10983047641153,0 16.86759931101145,51.10981295999053,0 16.86776047632022,51.10977604148341,0 16.86795913193028,51.10972765213006,0 16.86824637743893,51.10964558302831,0 16.86984418641095,51.10916341731411,0 16.87011381047012,51.10956240642894,0 
							</coordinates>
						</LinearRing>
					</outerBoundaryIs>
				</Polygon>
			</Placemark>
			<Placemark>
				<name>D1</name>
				<styleUrl>#msn_ylw-pushpin2111</styleUrl>
				<Polygon>
					<tessellate>1</tessellate>
					<outerBoundaryIs>
						<LinearRing>
							<coordinates>
								16.89725584130095,51.09889112866723,0 16.89741992786964,51.09859902176216,0 16.89591359620262,51.09663506981222,0 16.89579050533674,51.09659063271992,0 16.89574070150542,51.09658020502552,0 16.89568406080887,51.09658020301898,0 16.89563620833926,51.09658940067295,0 16.89552293191942,51.09653542687982,0 16.89551630480914,51.09650096602545,0 16.89551337673753,51.09648379375784,0 16.89550654177322,51.09647336754875,0 16.89548505793241,51.09646784712126,0 16.89544501931051,51.09646355257355,0 16.89538837829372,51.09646784345712,0 16.89535128018813,51.09635222513254,0 16.89575132379833,51.09630921462082,0 16.89578257436195,51.09629694987485,0 16.89581089652546,51.09627487236038,0 16.89583042976428,51.09625095466996,0 16.89583433800356,51.09622764971706,0 16.89583140903505,51.09621967682194,0 16.89589195671234,51.09620618648803,0 16.89591246189579,51.09623562518515,0 16.89594175696107,51.0962552515056,0 16.89597593573939,51.09626383872349,0 16.89600230284191,51.09626322630691,0 16.89603843626429,51.09625341482951,0 16.89610875005648,51.09623256519565,0 16.89607456407353,51.09616652030697,0 16.89640509838421,51.09607417043968,0 16.89642004534564,51.09609085230267,0 16.89644358845363,51.09609208513011,0 16.89647694228996,51.09607914878648,0 16.89675946727105,51.09597873836936,0 16.89680556922666,51.09602925675709,0 16.89657601767288,51.09611057082244,0 16.89654364447705,51.09612843572135,0 16.89652402345093,51.09615184554427,0 16.89651323098852,51.09617710380269,0 16.89651421033089,51.096199282084,0 16.8965289228186,51.09622762138186,0 16.89766567154057,51.09768371625502,0 16.89769565991859,51.09773630746572,0 16.89772214135572,51.09785705620043,0 16.89774664668622,51.09828832305833,0 16.89778096906226,51.09857825788025,0 16.89785388929491,51.09870856686457,0 16.89725584130095,51.09889112866723,0 
							</coordinates>
						</LinearRing>
					</outerBoundaryIs>
				</Polygon>
			</Placemark>
			<Placemark>
				<name>D4</name>
				<styleUrl>#msn_ylw-pushpin2112</styleUrl>
				<Polygon>
					<tessellate>1</tessellate>
					<outerBoundaryIs>
						<LinearRing>
							<coordinates>
								16.87140057122167,51.1043596692259,0 16.87103404924737,51.1044638990171,0 16.87087805433497,51.10476119301347,0 16.87094967512575,51.10484910267324,0 16.87152230941819,51.10560893449024,0 16.87210412694443,51.1063532787932,0 16.87259768599522,51.10645028438376,0 16.87159532987253,51.10675827965797,0 16.87183390919905,51.10654723404033,0 16.87184814329891,51.10628152425625,0 16.8717241034173,51.10612036570992,0 16.87084333287618,51.1049685788638,0 16.87081140301389,51.10494851438777,0 16.87076616436188,51.10492761093334,0 16.87072359341687,51.10489751552867,0 16.87069166841541,51.10486992984077,0 16.87065708951309,51.10482980816711,0 16.87063049573575,51.1047905241582,0 16.87061587930159,51.10475291451677,0 16.87061324811262,51.10470444391288,0 16.87061327719743,51.10465848104466,0 16.87062129236762,51.10461168447822,0 16.87063730254435,51.10454984749814,0 16.87064930408928,51.10451308018051,0 16.87067195402972,51.10447464411962,0 16.87069992445602,51.1044412235182,0 16.87073986629886,51.1044186698197,0 16.87131570332424,51.10424991805879,0 16.87140057122167,51.1043596692259,0 
							</coordinates>
						</LinearRing>
					</outerBoundaryIs>
				</Polygon>
			</Placemark>
			<Placemark>
				<name>E1</name>
				<styleUrl>#msn_ylw-pushpin2112</styleUrl>
				<Polygon>
					<tessellate>1</tessellate>
					<outerBoundaryIs>
						<LinearRing>
							<coordinates>
								16.88855711961799,51.09726412437896,0 16.88805217551122,51.09732504571706,0 16.88800948567965,51.09733105958011,0 16.88798509012287,51.09733981081524,0 16.88754918185285,51.0975620166849,0 16.88742898280864,51.09746626036901,0 16.88778044325704,51.09727648647169,0 16.88776476528278,51.09726335429817,0 16.88773950124316,51.0972617103657,0 16.88773341066288,51.09723216598346,0 16.88812421971682,51.09718482905566,0 16.89134908125774,51.0968206729698,0 16.89535183490916,51.09635302436014,0 16.89538841296093,51.09646791811764,0 16.88855711961799,51.09726412437896,0 
							</coordinates>
						</LinearRing>
					</outerBoundaryIs>
				</Polygon>
			</Placemark>
			<Placemark>
				<name>E2</name>
				<styleUrl>#msn_ylw-pushpin2112</styleUrl>
				<Polygon>
					<tessellate>1</tessellate>
					<outerBoundaryIs>
						<LinearRing>
							<coordinates>
								16.88138570593843,51.10076848574118,0 16.88125729020942,51.10066946722426,0 16.88128340272527,51.10060658728145,0 16.88130194093008,51.10054497487241,0 16.88130363501721,51.10051749638425,0 16.88129691325832,51.10049160188478,0 16.88128429747177,51.1004741614495,0 16.88125821886998,51.10045301981899,0 16.88421098980616,51.09890746991253,0 16.88555921223808,51.0982137348663,0 16.8855652917951,51.09822965634368,0 16.88560179043343,51.09825640763855,0 16.88562713871726,51.09826851048008,0 16.8856900072247,51.09828316516705,0 16.88575997706317,51.09828890506105,0 16.88580561091452,51.09828827370897,0 16.8858505831709,51.09827938510394,0 16.88742931169643,51.09746621023808,0 16.88754942248439,51.09756224170983,0 16.88138570593843,51.10076848574118,0 
							</coordinates>
						</LinearRing>
					</outerBoundaryIs>
				</Polygon>
			</Placemark>
			<Placemark>
				<name>E3</name>
				<styleUrl>#msn_ylw-pushpin2112</styleUrl>
				<Polygon>
					<tessellate>1</tessellate>
					<outerBoundaryIs>
						<LinearRing>
							<coordinates>
								16.88014828705521,51.1014043417025,0 16.88011053767561,51.10144019786796,0 16.88010338483731,51.10147285716743,0 16.88004830190155,51.10149974475651,0 16.880024849662,51.10149013475957,0 16.87997079391948,51.10149973163044,0 16.8792922092777,51.10185133944915,0 16.87917250565605,51.10176229858282,0 16.88057909188728,51.10102882845086,0 16.88125625440723,51.10066912831995,0 16.88138544974364,51.10076784896705,0 16.88014828705521,51.1014043417025,0 
							</coordinates>
						</LinearRing>
					</outerBoundaryIs>
				</Polygon>
			</Placemark>
			<Placemark>
				<name>E3</name>
				<styleUrl>#msn_ylw-pushpin2111</styleUrl>
				<Polygon>
					<tessellate>1</tessellate>
					<outerBoundaryIs>
						<LinearRing>
							<coordinates>
								16.87929252805265,51.10185141751578,0 16.87917845115888,51.10191218363789,0 16.8788577077026,51.10208294417157,0 16.87846819248312,51.10220001409868,0 16.87140093661085,51.1043597979953,0 16.87131508766611,51.10425046919933,0 16.8783049700716,51.10211482835012,0 16.87874826889712,51.10196965844443,0 16.87917171567496,51.10176241631983,0 16.87929252805265,51.10185141751578,0 
							</coordinates>
						</LinearRing>
					</outerBoundaryIs>
				</Polygon>
			</Placemark>
			<Placemark>
				<name>G1</name>
				<styleUrl>#polyStyle12</styleUrl>
				<Polygon>
					<outerBoundaryIs>
						<LinearRing>
							<coordinates>
								16.88754311495893,51.1024722469656,0 16.88858169143858,51.10221200856464,0 16.88951510017577,51.10207053155106,0 16.89045387333098,51.10201326692245,0 16.89127462928954,51.10203347797594,0 16.89175206249419,51.10207726856149,0 16.89209538524809,51.10213790161153,0 16.89218440565202,51.10218149598727,0 16.89213880809877,51.10223707616084,0 16.89167210373018,51.1024391853196,0 16.89147620427912,51.10252908982757,0 16.8944106400686,51.10164505301103,0 16.89385056495667,51.1017753941568,0 16.89341604709626,51.10188150263502,0 16.89267039299012,51.10175013019753,0 16.89229488372803,51.10170970783393,0 16.89103692770005,51.10164907422232,0 16.89047634601593,51.10164907422232,0 16.89041733741761,51.10162549446299,0 16.89044684720746,51.10158322944054,0 16.88754311495893,51.1024722469656,0 
							</coordinates>
						</LinearRing>
					</outerBoundaryIs>
				</Polygon>
			</Placemark>
			<Placemark>
				<name>H</name>
				<styleUrl>#msn_ylw-pushpin0</styleUrl>
				<Polygon>
					<tessellate>1</tessellate>
					<outerBoundaryIs>
						<LinearRing>
							<coordinates>
								16.88476667508857,51.10623136372038,0 16.88404725488039,51.10525600209379,0 16.88546772679996,51.10482608940799,0 16.88530107140979,51.10490782043027,0 16.88517198943262,51.10498049413644,0 16.88510179426994,51.10503099162003,0 16.88505294152037,51.10507097081745,0 16.88502336291259,51.10511002511327,0 16.88500826860275,51.1051471437265,0 16.88502177682419,51.10520551207057,0 16.88507023881069,51.10534698831541,0 16.88513305227752,51.10547287854946,0 16.88519341824902,51.10555479667124,0 16.88526524489877,51.10564104028586,0 16.88537667961399,51.10573568052983,0 16.88546606073833,51.10580015396519,0 16.88555215995536,51.10583752258184,0 16.88563045154232,51.10584405374154,0 16.88571701116896,51.10584035281045,0 16.88585764092604,51.10581061188567,0 16.88591868755406,51.10588292382176,0 16.88476667508857,51.10623136372038,0 
							</coordinates>
						</LinearRing>
					</outerBoundaryIs>
				</Polygon>
			</Placemark>
			<Placemark>
				<name>J</name>
				<styleUrl>#msn_ylw-pushpin303</styleUrl>
				<Polygon>
					<tessellate>1</tessellate>
					<outerBoundaryIs>
						<LinearRing>
							<coordinates>
								16.87302151885219,51.10691175811078,0 16.87292564907045,51.10701382276002,0 16.87289169627969,51.1070564194945,0 16.87287046600517,51.1070996848461,0 16.8728502982949,51.10713895626225,0 16.87283224518483,51.1071882136107,0 16.87282798002432,51.10722948578821,0 16.87283537998103,51.10726676648245,0 16.87284808394355,51.10729938853046,0 16.87286820662563,51.1073373378733,0 16.87300937343631,51.10751081397755,0 16.87323013288362,51.10779631291429,0 16.87336907486967,51.10791375603964,0 16.87351875060909,51.10794099449035,0 16.87365757986485,51.10792873627661,0 16.87380508544624,51.10789468665585,0 16.87412728175185,51.10828987892888,0 16.87403164039148,51.10832977509404,0 16.87394149627465,51.10838190527995,0 16.87388693634965,51.10846829162861,0 16.87388824785745,51.10854517434449,0 16.87391017025209,51.10862381928,0 16.87395649720005,51.10868975969852,0 16.8740909592638,51.10886894163775,0 16.87431633070786,51.10908192517945,0 16.87375920466394,51.10925553379468,0 16.87370848651932,51.10919455183921,0 16.87354511031266,51.108991090981,0 16.87273664367882,51.10792534766673,0 16.87248564199528,51.10759565104109,0 16.87236027869918,51.10746308498316,0 16.87227863899494,51.10739917456585,0 16.87221387517507,51.10736599334934,0 16.87208831343506,51.1073346750302,0 16.87196872918634,51.10730773840033,0 16.87189199007002,51.10730021083746,0 16.87184315357389,51.10729957339534,0 16.8717295299242,51.10730455236121,0 16.87302151885219,51.10691175811078,0 
							</coordinates>
						</LinearRing>
					</outerBoundaryIs>
				</Polygon>
			</Placemark>
			<Placemark>
				<name>K</name>
				<styleUrl>#polyStyle11</styleUrl>
				<Polygon>
					<outerBoundaryIs>
						<LinearRing>
							<coordinates>
								16.87140047550202,51.10939269027577,0 16.87149703502655,51.10956445652403,0 16.87159359455109,51.10963181566281,0 16.87175989151001,51.10963855157128,0 16.8719255551523,51.10958992052652,0 16.87250399047973,51.11029666492055,0 16.87206566333771,51.11042664608625,0 16.87186181545258,51.11043001398268,0 16.87169551849366,51.11042664608625,0 16.87157213687897,51.11035592020435,0 16.87145948410035,51.11028856212095,0 16.87129855155945,51.11015384565962,0 16.87109470367432,51.10999218538766,0 16.87088549137116,51.10978337336611,0 16.87075138092041,51.10967559905037,0 16.87066555023194,51.1096082399754,0 16.87140047550202,51.10939269027577,0 
							</coordinates>
						</LinearRing>
					</outerBoundaryIs>
				</Polygon>
			</Placemark>
			<Placemark>
				<name>L</name>
				<styleUrl>#polyStyle41</styleUrl>
				<Polygon>
					<tessellate>1</tessellate>
					<outerBoundaryIs>
						<LinearRing>
							<coordinates>
								16.86646250840747,51.10981439939216,0 16.86592822438421,51.10908582399915,0 16.86686122449162,51.10879855029353,0 16.86676209568702,51.10886679174326,0 16.86671109242079,51.10892227146982,0 16.86669258298812,51.10897790312713,0 16.86671140921002,51.10905350502525,0 16.86676190220055,51.10917955959661,0 16.86691996684672,51.10948294999635,0 16.8670612439191,51.10962546815195,0 16.86646250840747,51.10981439939216,0 
							</coordinates>
						</LinearRing>
					</outerBoundaryIs>
				</Polygon>
			</Placemark>
		</Folder>
		<Folder>
			<name>APN</name>
			<Placemark>
				<name>APN 1</name>
				<styleUrl>#msn_ylw-pushpin303</styleUrl>
				<Polygon>
					<tessellate>1</tessellate>
					<outerBoundaryIs>
						<LinearRing>
							<coordinates>
								16.87435616072642,51.11000842810547,0 16.88328720112206,51.10727877038375,0 16.8836120228417,51.10770546328112,0 16.88387634986571,51.10763011442689,0 16.88422423953084,51.10809705890892,0 16.88375049979892,51.10824196741211,0 16.88365207324697,51.10810870690851,0 16.88161598936074,51.10872516294004,0 16.87804150769412,51.10981335940856,0 16.87542663291472,51.11060848850032,0 16.87536274141748,51.11068543480486,0 16.87530328299744,51.11074511698286,0 16.87523704527749,51.11078134626845,0 16.87516402659111,51.11079732055603,0 16.87508592385519,51.1107951721421,0 16.87503159525341,51.11078663285856,0 16.87496369254855,51.11076103505065,0 16.87491956355453,51.11073011237193,0 16.87489411043946,51.11070132560148,0 16.87487885458716,51.11065441939814,0 16.87488396905463,51.11061604534579,0 16.87489587223293,51.11058300261711,0 16.87490437037138,51.11056701477792,0 16.87476033084154,51.11040286415459,0 16.87464827426862,51.11039431230358,0 16.87435616072642,51.11000842810547,0 
							</coordinates>
						</LinearRing>
					</outerBoundaryIs>
				</Polygon>
			</Placemark>
			<Placemark>
				<name>APN 2</name>
				<styleUrl>#polyStyle6</styleUrl>
				<Polygon>
					<outerBoundaryIs>
						<LinearRing>
							<coordinates>
								16.88404792403334,51.10525020099019,0 16.8847691238365,51.1062310532735,0 16.87631043449464,51.10881892954296,0 16.87583106126655,51.10896473771297,0 16.87541099360041,51.10907612566697,0 16.87498709613758,51.10918567105804,0 16.87482794133946,51.10921944214303,0 16.87412559986115,51.10828966631262,0 16.88404792403334,51.10525020099019,0 
							</coordinates>
						</LinearRing>
					</outerBoundaryIs>
				</Polygon>
			</Placemark>
			<Placemark>
				<name>APN 4</name>
				<styleUrl>#msn_ylw-pushpin2112</styleUrl>
				<Polygon>
					<tessellate>1</tessellate>
					<outerBoundaryIs>
						<LinearRing>
							<coordinates>
								16.88125841971235,51.10045269925327,0 16.88087818535621,51.10016946296567,0 16.883605228512,51.09873911114634,0 16.88519440229798,51.09792043345976,0 16.88556017688271,51.09821319405114,0 16.88421138056311,51.09890700450872,0 16.88125841971235,51.10045269925327,0 
							</coordinates>
						</LinearRing>
					</outerBoundaryIs>
				</Polygon>
			</Placemark>
			<Placemark>
				<name>APN 6</name>
				<styleUrl>#msn_ylw-pushpin2112</styleUrl>
				<Polygon>
					<tessellate>1</tessellate>
					<outerBoundaryIs>
						<LinearRing>
							<coordinates>
								16.90054034542399,51.10415225032105,0 16.90107862450571,51.10415224597929,0 16.90178222608436,51.10435059897575,0 16.9019217651929,51.10435263422954,0 16.90192014768346,51.104465721374,0 16.90177736328745,51.10446674260591,0 16.90175627380753,51.10455843524495,0 16.9017692565173,51.10461446922974,0 16.90179197388808,51.10465318340523,0 16.90181793545576,51.10466846500827,0 16.90188121541805,51.10467253914819,0 16.90196072102393,51.10467865053906,0 16.90201588776454,51.10467355550198,0 16.90219992182519,51.10464547919149,0 16.90219179675717,51.10440096638474,0 16.902123649566,51.10439689252023,0 16.90212040253498,51.10435715926263,0 16.9020084467131,51.10435410496592,0 16.90178291249085,51.1043500337012,0 16.90185981886799,51.10425479256019,0 16.90538994677575,51.10421585092644,0 16.90539438616558,51.10471970926444,0 16.90220132676859,51.10475281260811,0 16.90169953590289,51.1047267094043,0 16.90106788675285,51.10473093262669,0 16.90040393275898,51.10473310460223,0 16.90014817314394,51.10473768830261,0 16.89982378142789,51.10439380912546,0 16.89975225597377,51.10412330954716,0 16.90006311635409,51.10405313716839,0 16.90061189057445,51.10405243302264,0 16.90054034542399,51.10415225032105,0 
							</coordinates>
						</LinearRing>
					</outerBoundaryIs>
				</Polygon>
			</Placemark>
			<Placemark>
				<name>De-icing Pad 3</name>
				<styleUrl>#polyStyle</styleUrl>
				<Polygon>
					<outerBoundaryIs>
						<LinearRing>
							<coordinates>
								16.8743192690167,51.10994652067078,0 16.87260210514069,51.11041654239546,0 16.87170624732972,51.10932196281153,0 16.87230706214905,51.10914009169217,0 16.8724411725998,51.10929165100801,0 16.87355142684661,51.10899082828923,0 16.8743192690167,51.10994652067078,0 
							</coordinates>
						</LinearRing>
					</outerBoundaryIs>
				</Polygon>
			</Placemark>
			<Placemark>
				<name>De-icing Pad 5</name>
				<styleUrl>#msn_ylw-pushpin2112</styleUrl>
				<Polygon>
					<tessellate>1</tessellate>
					<outerBoundaryIs>
						<LinearRing>
							<coordinates>
								16.90046560132238,51.10124052697361,0 16.89997462871077,51.10058727826488,0 16.90238509582001,51.09984656989881,0 16.90288871622179,51.10049344888377,0 16.90046560132238,51.10124052697361,0 
							</coordinates>
						</LinearRing>
					</outerBoundaryIs>
				</Polygon>
			</Placemark>
			<Placemark>
				<name>Hangar</name>
				<styleUrl>#msn_ylw-pushpin2112</styleUrl>
				<Polygon>
					<tessellate>1</tessellate>
					<outerBoundaryIs>
						<LinearRing>
							<coordinates>
								16.90376075524216,51.10381774397442,0 16.90375288452891,51.10285217330319,0 16.90489070275744,51.10283208894598,0 16.90489227981249,51.10265672909102,0 16.90519975620747,51.10265471162529,0 16.90519918664399,51.10271182871102,0 16.90567955129237,51.10270278711321,0 16.90567515487998,51.10286411852135,0 16.90655061648933,51.10284302862322,0 16.90655222328386,51.10291918468454,0 16.90697352056099,51.10291214536003,0 16.90699263635545,51.10378619971043,0 16.90376075524216,51.10381774397442,0 
							</coordinates>
						</LinearRing>
					</outerBoundaryIs>
				</Polygon>
			</Placemark>
			<Placemark>
				<name>HEMS</name>
				<styleUrl>#msn_ylw-pushpin2112</styleUrl>
				<Polygon>
					<tessellate>1</tessellate>
					<outerBoundaryIs>
						<LinearRing>
							<coordinates>
								16.89770371490397,51.10377392506562,0 16.89769393116204,51.10367635391433,0 16.89736112827716,51.1036871031871,0 16.89734767818199,51.10352499678642,0 16.8976388795905,51.1035180882187,0 16.89766643939659,51.1035833921177,0 16.89772149858158,51.10358185658492,0 16.89771416046177,51.10351501650199,0 16.89791971437706,51.10350733735185,0 16.89794539789393,51.10376502948033,0 16.89770371490397,51.10377392506562,0 
							</coordinates>
						</LinearRing>
					</outerBoundaryIs>
				</Polygon>
			</Placemark>
		</Folder>
		<Folder>
			<name>Buildings</name>
			<Placemark>
				<name>Building1</name>
				<styleUrl>#msn_ylw-pushpin2112</styleUrl>
				<Polygon>
					<tessellate>1</tessellate>
					<outerBoundaryIs>
						<LinearRing>
							<coordinates>
								16.88756922117128,51.10669504380372,0 16.88738434124831,51.10645236930866,0 16.88758460932069,51.1063851198086,0 16.88776821276782,51.10663420051603,0 16.88756922117128,51.10669504380372,0 
							</coordinates>
						</LinearRing>
					</outerBoundaryIs>
				</Polygon>
			</Placemark>
			<Placemark>
				<name>Building2</name>
				<styleUrl>#msn_ylw-pushpin2112</styleUrl>
				<Polygon>
					<tessellate>1</tessellate>
					<outerBoundaryIs>
						<LinearRing>
							<coordinates>
								16.88925264124677,51.10634501899845,0 16.88910050562308,51.10613256094009,0 16.88939159586617,51.10604816626708,0 16.88954520984166,51.10626155173428,0 16.88925264124677,51.10634501899845,0 
							</coordinates>
						</LinearRing>
					</outerBoundaryIs>
				</Polygon>
			</Placemark>
			<Placemark>
				<name>Building3</name>
				<styleUrl>#msn_ylw-pushpin2112</styleUrl>
				<Polygon>
					<tessellate>1</tessellate>
					<outerBoundaryIs>
						<LinearRing>
							<coordinates>
								16.89000223910396,51.10568687568546,0 16.89019149602631,51.10563786565358,0 16.89027881381735,51.10576666943253,0 16.89008823310936,51.10581567950607,0 16.89000223910396,51.10568687568546,0 
							</coordinates>
						</LinearRing>
					</outerBoundaryIs>
				</Polygon>
			</Placemark>
			<Placemark>
				<name>Building4</name>
				<styleUrl>#msn_ylw-pushpin2112</styleUrl>
				<Polygon>
					<tessellate>1</tessellate>
					<outerBoundaryIs>
						<LinearRing>
							<coordinates>
								16.89267707311561,51.10544269244951,0 16.89253889197633,51.10520353979824,0 16.89276465666014,51.10515051773582,0 16.89290591025752,51.10538967023019,0 16.89267707311561,51.10544269244951,0 
							</coordinates>
						</LinearRing>
					</outerBoundaryIs>
				</Polygon>
			</Placemark>
			<Placemark>
				<name>Building5</name>
				<styleUrl>#msn_ylw-pushpin2112</styleUrl>
				<Polygon>
					<tessellate>1</tessellate>
					<outerBoundaryIs>
						<LinearRing>
							<coordinates>
								16.88296924255432,51.1086147762039,0 16.88278822580851,51.10837174710384,0 16.88303946413399,51.10829659009968,0 16.88317668901891,51.10847542311176,0 16.88325702846168,51.1084470077742,0 16.88330520265716,51.10851212100459,0 16.88296924255432,51.1086147762039,0 
							</coordinates>
						</LinearRing>
					</outerBoundaryIs>
				</Polygon>
			</Placemark>
			<Placemark>
				<name>Building6</name>
				<styleUrl>#msn_ylw-pushpin2112</styleUrl>
				<Polygon>
					<tessellate>1</tessellate>
					<outerBoundaryIs>
						<LinearRing>
							<coordinates>
								16.88492949089291,51.10831257159948,0 16.88468819876827,51.10799380310425,0 16.88501740668382,51.10789188604422,0 16.88526308966136,51.10821065432099,0 16.88492949089291,51.10831257159948,0 
							</coordinates>
						</LinearRing>
					</outerBoundaryIs>
				</Polygon>
			</Placemark>
			<Placemark>
				<name>Building7</name>
				<styleUrl>#msn_ylw-pushpin2112</styleUrl>
				<Polygon>
					<tessellate>1</tessellate>
					<outerBoundaryIs>
						<LinearRing>
							<coordinates>
								16.88550061503118,51.09809671869101,0 16.88527124776973,51.09792151076651,0 16.88548900015735,51.0978061308148,0 16.8857195382093,51.09798110683604,0 16.88550061503118,51.09809671869101,0 
							</coordinates>
						</LinearRing>
					</outerBoundaryIs>
				</Polygon>
			</Placemark>
			<Placemark>
				<name>Cargo</name>
				<styleUrl>#msn_ylw-pushpin2112</styleUrl>
				<Polygon>
					<tessellate>1</tessellate>
					<outerBoundaryIs>
						<LinearRing>
							<coordinates>
								16.88467867337246,51.10790927028395,0 16.88422665766094,51.10731918142069,0 16.88457068839976,51.10721341745585,0 16.88473045842171,51.10741414861201,0 16.88481212248132,51.10738797949153,0 16.88466451002864,51.10719838056453,0 16.88579120711915,51.10685215833491,0 16.88617159940236,51.10733936651456,0 16.88609325248135,51.10736732580832,0 16.8861039991031,51.10738661567629,0 16.88602258139387,51.10740975242989,0 16.88601029788494,51.10739335565592,0 16.88535604739549,51.10759691884125,0 16.88539750562314,51.1076461099401,0 16.88514556671517,51.10772130444433,0 16.88510981577756,51.10766632711107,0 16.88503761270092,51.10769139326068,0 16.88487335537594,51.10747533984354,0 16.88479500700225,51.10750426272234,0 16.88481957074935,51.10754477195973,0 16.88476426752548,51.10756019575263,0 16.88480879408275,51.10761903175727,0 16.88468589690525,51.10765566436032,0 16.88484558117416,51.10785918002987,0 16.88467867337246,51.10790927028395,0 
							</coordinates>
						</LinearRing>
					</outerBoundaryIs>
				</Polygon>
			</Placemark>
			<Placemark>
				<name>Firestation</name>
				<styleUrl>#msn_ylw-pushpin2112</styleUrl>
				<Polygon>
					<tessellate>1</tessellate>
					<outerBoundaryIs>
						<LinearRing>
							<coordinates>
								16.88663731996016,51.10683238458538,0 16.88662343752216,51.10681695683249,0 16.88660634540867,51.10681896702328,0 16.88657857145924,51.10681963459033,0 16.88654866301661,51.10681359486335,0 16.88652196216055,51.10679749494254,0 16.88651021715546,51.10677871389537,0 16.88650915514346,51.10675725124263,0 16.88652304761749,51.10673780240921,0 16.88654975716998,51.10672372066112,0 16.88653654023114,51.10670509594844,0 16.88707710436683,51.10653949217009,0 16.88707924339055,51.10653010255372,0 16.88709099669947,51.10651937257752,0 16.88711556726374,51.10651333891916,0 16.88714013579267,51.10651468299461,0 16.88715829227403,51.10652608692493,0 16.88716149304184,51.10654017204862,0 16.88715508081573,51.10655090261108,0 16.88722769399254,51.10664379611419,0 16.88663731996016,51.10683238458538,0 
							</coordinates>
						</LinearRing>
					</outerBoundaryIs>
				</Polygon>
			</Placemark>
			<Placemark>
				<name>Hangar</name>
				<styleUrl>#msn_ylw-pushpin2112</styleUrl>
				<Polygon>
					<tessellate>1</tessellate>
					<outerBoundaryIs>
						<LinearRing>
							<coordinates>
								16.90386914641436,51.10354959245568,0 16.90385893137687,51.10307916412381,0 16.90557858923932,51.10306631571095,0 16.90557657801033,51.10302393025423,0 16.90684579021575,51.10300359089228,0 16.90685749517351,51.10351459311681,0 16.90556652043684,51.10353382884478,0 16.90386914641436,51.10354959245568,0 
							</coordinates>
						</LinearRing>
					</outerBoundaryIs>
				</Polygon>
			</Placemark>
			<Placemark>
				<name>Hangar1</name>
				<styleUrl>#msn_ylw-pushpin2112</styleUrl>
				<Polygon>
					<tessellate>1</tessellate>
					<outerBoundaryIs>
						<LinearRing>
							<coordinates>
								16.88505676950135,51.09832207840849,0 16.88481395302432,51.09813343013025,0 16.88510312191222,51.09797983607032,0 16.88534418720516,51.09817686642129,0 16.88505676950135,51.09832207840849,0 
							</coordinates>
						</LinearRing>
					</outerBoundaryIs>
				</Polygon>
			</Placemark>
			<Placemark>
				<name>Hangar2</name>
				<styleUrl>#msn_ylw-pushpin2112</styleUrl>
				<Polygon>
					<tessellate>1</tessellate>
					<outerBoundaryIs>
						<LinearRing>
							<coordinates>
								16.88467283976974,51.0985224040101,0 16.88440554232544,51.09831360742646,0 16.88472777441703,51.09814663972579,0 16.88499341439187,51.09836131578371,0 16.88467283976974,51.0985224040101,0 
							</coordinates>
						</LinearRing>
					</outerBoundaryIs>
				</Polygon>
			</Placemark>
			<Placemark>
				<name>Hangar3</name>
				<styleUrl>#msn_ylw-pushpin2112</styleUrl>
				<Polygon>
					<tessellate>1</tessellate>
					<outerBoundaryIs>
						<LinearRing>
							<coordinates>
								16.88417612481793,51.09877987175577,0 16.88385154534887,51.09854040370418,0 16.88424608593995,51.09833316553975,0 16.88456438981036,51.09857504736625,0 16.88417612481793,51.09877987175577,0 
							</coordinates>
						</LinearRing>
					</outerBoundaryIs>
				</Polygon>
			</Placemark>
			<Placemark>
				<name>HEMS</name>
				<styleUrl>#msn_ylw-pushpin2112</styleUrl>
				<Polygon>
					<tessellate>1</tessellate>
					<outerBoundaryIs>
						<LinearRing>
							<coordinates>
								16.89762937876541,51.10397473782279,0 16.89762284878759,51.10391402670958,0 16.89759802360722,51.10391402623473,0 16.89758104515376,51.1037679913554,0 16.89767642589023,51.10376471150986,0 16.89767547588727,51.10377475448935,0 16.89796384840573,51.1037642625819,0 16.89798264730275,51.10396042445264,0 16.89762937876541,51.10397473782279,0 
							</coordinates>
						</LinearRing>
					</outerBoundaryIs>
				</Polygon>
			</Placemark>
			<Placemark>
				<name>TWR</name>
				<styleUrl>#msn_ylw-pushpin2112</styleUrl>
				<Polygon>
					<tessellate>1</tessellate>
					<outerBoundaryIs>
						<LinearRing>
							<coordinates>
								16.88614241292141,51.10704113061049,0 16.8859688036625,51.10678668671781,0 16.88608662830988,51.10675162109739,0 16.88613640560866,51.10682026077811,0 16.88617247066512,51.10674596958975,0 16.88618566395294,51.10672506104374,0 16.88620514640104,51.10670907088462,0 16.88624710253886,51.10669496480256,0 16.8862875551319,51.10669873241552,0 16.88631940545744,51.10671318041517,0 16.88631456443002,51.10672684651445,0 16.88638832517489,51.10674052167958,0 16.88628535824628,51.10697781262051,0 16.88629506858424,51.10699944891823,0 16.88614241292141,51.10704113061049,0 
							</coordinates>
						</LinearRing>
					</outerBoundaryIs>
				</Polygon>
			</Placemark>
			<Placemark>
				<name>Terminal</name>
				<styleUrl>#msn_ylw-pushpin2112</styleUrl>
				<Polygon>
					<tessellate>1</tessellate>
					<gx:drawOrder>1</gx:drawOrder>
					<outerBoundaryIs>
						<LinearRing>
							<coordinates>
								16.88157418821673,51.1087902046682,0 16.88154299180184,51.10880264672156,0 16.88206826619752,51.10949005690657,0 16.87950207759609,51.11027886843982,0 16.87896111173018,51.10959041688257,0 16.87887840246594,51.10961494638941,0 16.87872212135593,51.10941006801358,0 16.87862888571129,51.10943742746637,0 16.87857479208193,51.10935906470383,0 16.87866351647384,51.10933264850096,0 16.87869958464255,51.10937230350479,0 16.87874770620871,51.10935815203337,0 16.87877174740936,51.1093940287774,0 16.87884838365325,51.10949788371806,0 16.87931757479207,51.10934409316294,0 16.87924935684396,51.10924895915252,0 16.87915875885059,51.10927584269285,0 16.87910615795107,51.10919359776258,0 16.87920230752726,51.10917040194877,0 16.87922679226556,51.10916579491148,0 16.87929540180774,51.1090351522394,0 16.87929051041923,51.10902362302375,0 16.87929418792847,51.10901209530639,0 16.87931255224191,51.10900671863341,0 16.87933213863468,51.10900595350016,0 16.87934683158132,51.10899827050564,0 16.87936640603138,51.10902440487819,0 16.87934926551222,51.10903055033521,0 16.87933090085498,51.10903669557518,0 16.87926718588234,51.10917195047028,0 16.87927084972523,51.10919116504453,0 16.87928186898384,51.10918655563216,0 16.87931057106301,51.10923206164335,0 16.87937020769589,51.10932805418696,0 16.87984805320025,51.10918005637306,0 16.87977650274185,51.10908652408477,0 16.87968180675706,51.10911188149832,0 16.87962872377025,51.10903647630842,0 16.87972110998247,51.10901184352024,0 16.87973149527708,51.10902779446556,0 16.87974881945015,51.10901909789928,0 16.87976152672161,51.10900605076974,0 16.87977538492847,51.10900170337512,0 16.87988860470253,51.10886253007325,0 16.87989091939816,51.10885020610446,0 16.87990131502514,51.10884223329966,0 16.87992441031632,51.10883861242394,0 16.87995212653082,51.10882991759294,0 16.87997059061674,51.10885529441203,0 16.87995211437429,51.10885819111291,0 16.87994172126264,51.10886036423663,0 16.87993479096082,51.10886543779156,0 16.87992555252363,51.10886761111026,0 16.87979847308925,51.10901475664103,0 16.87983539995822,51.10906841011575,0 16.87982847086414,51.1090705838169,0 16.87990232953298,51.10916701629694,0 16.88038299454311,51.10901760249474,0 16.88030797955413,51.10892334500759,0 16.8802121283202,51.10895160249875,0 16.88015673628652,51.10887402230291,0 16.88025489615713,51.10884721518141,0 16.88027682076335,51.10888129203983,0 16.88029067826211,51.10887839450738,0 16.88028606533074,51.10886461946826,0 16.88029530804853,51.1088522966653,0 16.88036003194119,51.10870674055587,0 16.88035888275714,51.10869369105825,0 16.88037043445416,51.10868209359933,0 16.88039122057858,51.10867774728548,0 16.88040738856472,51.10867195028082,0 16.88042585251115,51.1086980519522,0 16.88040853044305,51.10870239884781,0 16.88040159959295,51.10870892235206,0 16.88039236122576,51.10871109570239,0 16.88032417521722,51.10885233934449,0 16.8803645666049,51.10890599321462,0 16.88043496200537,51.10900242478408,0 16.88091537918169,51.10885113857678,0 16.88084613706047,51.10875615741039,0 16.88074682242426,51.10878441477537,0 16.88069489190933,51.10871118515067,0 16.88079074268768,51.10868220231949,0 16.88081266852439,51.10871410420238,0 16.88083114645867,51.10870685758774,0 16.8808253778229,51.1086952572678,0 16.88083231158648,51.10868148412026,0 16.88084616896651,51.10867858652493,0 16.88094899212534,51.10854073021473,0 16.88095015332587,51.10852478124649,0 16.88096978730877,51.10851390999156,0 16.88098826333378,51.10851101311976,0 16.88101136103507,51.1085008673755,0 16.88103213638028,51.10852261956657,0 16.88100788400593,51.10853276512815,0 16.88099287022133,51.10854001233255,0 16.88098362983084,51.10854726045497,0 16.88087041441432,51.10868570981523,0 16.88087041113586,51.10869368439079,0 16.88086809848281,51.10870165859518,0 16.88089810356385,51.10874226129888,0 16.88096675719191,51.10883505601089,0 16.88144832003429,51.10868796542488,0 16.88137907595017,51.10859588016724,0 16.88127860832951,51.1086219628931,0 16.88122321406245,51.10854655811384,0 16.88131790846957,51.10851974956253,0 16.88134445066461,51.1085581767177,0 16.8813941070615,51.10854513524264,0 16.88157418821673,51.1087902046682,0 
							</coordinates>
						</LinearRing>
					</outerBoundaryIs>
				</Polygon>
			</Placemark>
			<Placemark>
				<name>Terminal GA</name>
				<styleUrl>#msn_ylw-pushpin2112</styleUrl>
				<Polygon>
					<tessellate>1</tessellate>
					<outerBoundaryIs>
						<LinearRing>
							<coordinates>
								16.89856107849202,51.10382401586376,0 16.89856108562223,51.10356398523131,0 16.900098691298,51.1035711903842,0 16.90008941186721,51.10412376121056,0 16.89981141963316,51.10412376142544,0 16.89980953423333,51.10425234423156,0 16.89991477136396,51.10442104092503,0 16.90007956149444,51.10438415059912,0 16.90041960052771,51.10496381580264,0 16.89977508354922,51.1051117597631,0 16.89962755724041,51.10484723024891,0 16.89960319671284,51.10484812995779,0 16.89957883619805,51.10484363110466,0 16.89956593957956,51.10482383636862,0 16.89939005215557,51.10450496892976,0 16.89917510863911,51.10444198466054,0 16.89914215075251,51.10442488900657,0 16.89912208964653,51.10440059534555,0 16.89888478983759,51.10445547900531,0 16.8988919600212,51.10419685768149,0 16.89912983106831,51.10414770288263,0 16.89912839852055,51.1041216098501,0 16.89964282752347,51.10412071216006,0 16.89964139602427,51.10382341057858,0 16.89856107849202,51.10382401586376,0 
							</coordinates>
						</LinearRing>
					</outerBoundaryIs>
				</Polygon>
			</Placemark>
		</Folder>
		<Folder>
			<name>Taxilanes</name>
			<Placemark>
				<name>RWY11</name>
				<styleUrl>#msn_ylw-pushpin1012</styleUrl>
				<LineString>
					<tessellate>1</tessellate>
					<coordinates>
						16.86840538478479,51.10801065664393,0 16.86761581540861,51.10824931198533,0 16.86757229354025,51.10826054155081,0 16.8675255076599,51.10826285763715,0 16.86745409859321,51.10826053409589,0 16.8667122347011,51.10822647217892,0 16.86664821274412,51.10822492165515,0 16.86658665229355,51.10822800932189,0 16.86651770395199,51.1082349614713,0 16.86646352908753,51.10824655269751,0 16.86640319715205,51.10826355451805,0 16.8658452596361,51.10843852471134,0 16.86583417116884,51.108477057535,0 16.86582677576445,51.10851879943907,0 16.86582922921051,51.10856440714086,0 16.86583784057539,51.10860042124884,0 16.8658599941824,51.10864216543514,0 16.86588830445834,51.10868081804782,0 16.86594696795591,51.10873328508914,0 16.866004828475,51.10876652886874,0 16.86606022886557,51.10878817729932,0 16.86613656003998,51.10880905425606,0 16.86620796800885,51.10882142770635,0 16.86627075911337,51.10882529739269,0 16.86634318341543,51.10882530271473,0 16.86642690727103,51.10881757871719,0 16.86649093283135,51.10880366918412,0 16.86656973497288,51.108778165551,0 16.86663622603598,51.10874647693223,0 16.86668485530737,51.10871388964077,0 16.86671933492676,51.10868142571125,0 16.86675258437366,51.10864277762328,0 16.86677229009016,51.10860644761127,0 16.86679568911784,51.10857166387076,0 16.86682401238898,51.10853997249076,0 16.8668609532422,51.10851291974192,0 16.86690404940652,51.10848973242964,0 16.86713065464531,51.1084216321365,0 
					</coordinates>
				</LineString>
			</Placemark>
			<Placemark>
				<name>A1</name>
				<styleUrl>#msn_ylw-pushpin612</styleUrl>
				<LineString>
					<tessellate>1</tessellate>
					<coordinates>
						16.89648052650469,51.09944048383936,0 16.89727391195924,51.09919795386926,0 16.89735151068061,51.09917789805316,0 16.8974415193506,51.09916473494994,0 16.89753257976122,51.09916208824903,0 16.89762678471805,51.09916864295595,0 16.89772832071654,51.09918374095654,0 16.89782641111418,51.09920609818378,0 16.89790178694862,51.09923500427978,0 16.89796460229556,51.09926325550173,0 16.89801276538622,51.09929413874776,0 16.89806197822167,51.09933093739716,0 16.89810386990301,51.09937891145382,0 16.89858521136186,51.09998574867939,0 16.89888354521169,51.1003843161247,0 16.89902285597125,51.1005716159225,0 16.8992594408277,51.10087331622184,0 16.8997670795521,51.10152537635301,0 16.9002679710452,51.10216873969827,0 
					</coordinates>
				</LineString>
			</Placemark>
			<Placemark>
				<name>A2</name>
				<styleUrl>#msn_ylw-pushpin1012</styleUrl>
				<LineString>
					<tessellate>1</tessellate>
					<coordinates>
						16.90026783729361,51.1021681578119,0 16.90066635376749,51.1026692665005,0 16.90106040936236,51.10319167651877,0 16.90156079010986,51.10384774888922,0 16.90161822716743,51.10391358073807,0 16.90166614153642,51.10395491727541,0 16.90170984923182,51.10398058483598,0 16.90177457379523,51.10400876283816,0 16.90184985814385,51.10402864637024,0 16.9019172127828,51.10403775207656,0 16.90199776880077,51.10403939189951,0 16.90371841671532,51.10402239784532,0 16.90524599691192,51.1040021118509,0 
					</coordinates>
				</LineString>
			</Placemark>
			<Placemark>
				<name>A3</name>
				<styleUrl>#msn_ylw-pushpin1012</styleUrl>
				<LineString>
					<tessellate>1</tessellate>
					<coordinates>
						16.90524385824371,51.10400211236616,0 16.90656799761448,51.10399015363661,0 
					</coordinates>
				</LineString>
			</Placemark>
			<Placemark>
				<name>B</name>
				<styleUrl>#msn_ylw-pushpin1012</styleUrl>
				<LineString>
					<tessellate>1</tessellate>
					<coordinates>
						16.87399954321386,51.10918250715659,0 16.8741774673842,51.10939630538698,0 16.87425158224891,51.10946629346279,0 16.87429991104149,51.1094945710379,0 16.87436581582245,51.10951664252642,0 16.87443391834929,51.10953112796777,0 16.87449543113293,51.10953664770209,0 16.87454815694931,51.10953596023686,0 16.87461406519467,51.10952561824603,0 16.87468436819739,51.10950562135339,0 16.87477664101641,51.10947734954009,0 16.87675001283934,51.10886887100165,0 16.88244546215986,51.10712669473724,0 16.88649929425741,51.10589528344131,0 16.89284449213595,51.1039543597771,0 16.89402362035809,51.10358915383302,0 16.8993176258491,51.10197375778884,0 16.9004664097539,51.10161832236533,0 16.90237705632002,51.10103203175944,0 
					</coordinates>
				</LineString>
			</Placemark>
			<Placemark>
				<name>B2</name>
				<styleUrl>#msn_ylw-pushpin3170</styleUrl>
				<LineString>
					<tessellate>1</tessellate>
					<coordinates>
						16.90013000021206,51.1019922117347,0 16.9001011351018,51.10195949077035,0 16.90007134331476,51.10193553587489,0 16.90003969233213,51.10191625645316,0 16.89999873403115,51.1018952254789,0 16.89995498614128,51.10187945452985,0 16.89990379458893,51.10186719122805,0 16.89985260512868,51.10185960305312,0 16.89979397223388,51.10185610690888,0 16.89974371729731,51.1018572844314,0 16.89968415836112,51.10186430748992,0 16.89963390799631,51.10187600406509,0 
					</coordinates>
				</LineString>
			</Placemark>
			<Placemark>
				<name>B2</name>
				<styleUrl>#msn_ylw-pushpin3170</styleUrl>
				<LineString>
					<tessellate>1</tessellate>
					<coordinates>
						16.89946416720741,51.10192854568243,0 16.89950603922986,51.10191100661574,0 16.89954511871129,51.10189229925515,0 16.89958791847652,51.10186833169932,0 16.89962513450518,51.10184494948035,0 16.89966792801214,51.10180695644866,0 16.89969862369709,51.10177071869009,0 16.89972745802144,51.10173448125107,0 16.89974233431156,51.10170233699314,0 16.89975441862501,51.10167019321621,0 16.89976091691983,51.10163330575784,0 16.8997636944372,51.10160057920436,0 16.89975995559567,51.10156376302466,0 16.89975249699717,51.10153337581728,0 16.89974317968507,51.10150883287486,0 16.89972827514341,51.10147669377474,0 
					</coordinates>
				</LineString>
			</Placemark>
			<Placemark>
				<name>B3</name>
				<styleUrl>#msn_ylw-pushpin3170</styleUrl>
				<LineString>
					<tessellate>1</tessellate>
					<coordinates>
						16.89980907199282,51.10157901755493,0 16.89984613818162,51.10160668076802,0 16.89988820888306,51.10162805452789,0 16.89993428461077,51.10164754099529,0 16.89998336333102,51.10166388263428,0 16.90003143863272,51.10167582243119,0 16.90009052803375,51.10168335827294,0 16.90014360727915,51.10168775087013,0 16.90020068896643,51.10168459646329,0 16.9002537633962,51.10167829846313,0 16.90032385889984,51.10166382227467,0 16.90025476310442,51.10169035100803,0 16.90021771993107,51.1017142541215,0 16.90018268162461,51.10174255885482,0 16.90015207877042,51.10177403027253,0 16.90012705865448,51.10181050834633,0 16.90011405264102,51.10183943801912,0 16.90010505303448,51.10186962468873,0 16.9001030647688,51.10190232554257,0 16.90010608242139,51.10193188123379,0 16.90011510940875,51.10196269357239,0 16.9001271391172,51.10198973224481,0 
					</coordinates>
				</LineString>
			</Placemark>
			<Placemark>
				<name>B4</name>
				<styleUrl>#msn_ylw-pushpin180</styleUrl>
				<LineString>
					<tessellate>1</tessellate>
					<coordinates>
						16.89883835267675,51.1003248444881,0 16.89888630177916,51.10035861133831,0 16.89893626495194,51.10038369748019,0 16.89899177694492,51.10040529732406,0 16.89905505700869,51.10042131928842,0 16.89911833378831,51.10042967346623,0 16.89918604900594,51.10043384444964,0 16.89925154051861,51.10042965095953,0 16.89931369913828,51.10041918438768,0 16.89936465194957,51.10040787883471,0 16.9014218334221,51.09977518341387,0 16.90149521294224,51.09976179536069,0 16.9015652170211,51.09976015394886,0 16.90164170812507,51.09976909440517,0 16.90170783209509,51.09978617765001,0 16.90176229177749,51.09980977578545,0 16.90181157230263,51.09984640027596,0 16.90184399904362,51.09988139980461,0 16.9018634615367,51.09991558772939,0 16.90187125573383,51.09994814971799,0 16.90187515761269,51.09997419975749,0 16.90187257552542,51.09999618061521,0 
					</coordinates>
				</LineString>
			</Placemark>
			<Placemark>
				<name>B4</name>
				<styleUrl>#msn_ylw-pushpin019</styleUrl>
				<LineString>
					<tessellate>1</tessellate>
					<coordinates>
						16.89935796848871,51.10040873085128,0 16.89928908005211,51.10043563211859,0 16.89924357594024,51.10046202296014,0 16.89920234059054,51.10049320146342,0 16.89917201235176,51.10052911695013,0 16.89914985285856,51.10056356531938,0 16.89913352898783,51.10059874557102,0 16.89912653974708,51.10062952706033,0 16.89912538550995,51.10065957470282,0 16.89912773373463,51.10069255321162,0 16.89913941632712,51.10072040010277,0 
					</coordinates>
				</LineString>
			</Placemark>
			<Placemark>
				<name>C</name>
				<styleUrl>#msn_ylw-pushpin019</styleUrl>
				<LineString>
					<tessellate>1</tessellate>
					<coordinates>
						16.87373413326231,51.10821513054575,0 16.87494478387561,51.1078461746887,0 16.87917207723337,51.1065267964245,0 16.88586317375062,51.10445941707442,0 16.89262420199208,51.10236802851626,0 16.89800586528715,51.10071716251839,0 16.89851046695824,51.10056796114543,0 16.89867557328241,51.10053355216139,0 16.89883386751035,51.10050119373987,0 16.89898834875343,51.10047482409116,0 16.89913901632455,51.10045204782338,0 16.8992477255837,51.10043526550322,0 16.89936528948624,51.100407562284,0 
					</coordinates>
				</LineString>
			</Placemark>
			<Placemark>
				<name>C4</name>
				<styleUrl>#msn_ylw-pushpin612</styleUrl>
				<LineString>
					<tessellate>1</tessellate>
					<coordinates>
						16.87313451609465,51.10805305311212,0 16.87323372407454,51.10812078049206,0 16.87331160239265,51.10815804368352,0 16.8734006067501,51.10819763620782,0 16.87349888603861,51.10822209349589,0 16.87360087672119,51.10823257944323,0 16.87366763627725,51.10822792700995,0 16.8737382105144,51.10821399667263,0 16.87368861183716,51.10825680491131,0 16.87364727636633,51.10830999232206,0 16.87361007248829,51.10836836931124,0 16.87358733116633,51.10843453127698,0 16.87357905584336,51.10849031567465,0 16.87357904546704,51.1085473980001,0 16.8735769701733,51.10859669622498,0 16.87359349052847,51.10865248243895,0 
					</coordinates>
				</LineString>
			</Placemark>
			<Placemark>
				<name>C5</name>
				<styleUrl>#msn_ylw-pushpin6120</styleUrl>
				<LineString>
					<tessellate>1</tessellate>
					<coordinates>
						16.87359614194929,51.10865630731398,0 16.87351444747413,51.10860381097206,0 16.87343274987049,51.10856920905411,0 16.87334535029909,51.10854415038077,0 16.8732446494796,51.10852266954364,0 16.87314394710732,51.10850953936442,0 16.8730299436613,51.10849879401867,0 16.87293874030297,51.10849282217193,0 16.87286273606867,51.10849520221388,0 16.87281333241744,51.10850116318821,0 16.87289024257048,51.10846339241531,0 16.87296435442763,51.10842164421458,0 16.873028966757,51.10837393044766,0 16.87309358168475,51.10831190106901,0 16.87312399234032,51.10826299173025,0 16.87314490370132,51.10820811683796,0 16.87315440974332,51.10817829338635,0 16.87315252027893,51.10812222379023,0 16.87313353128935,51.10806018805242,0 
					</coordinates>
				</LineString>
			</Placemark>
			<Placemark>
				<name>C6</name>
				<styleUrl>#msn_ylw-pushpin</styleUrl>
				<LineString>
					<tessellate>1</tessellate>
					<coordinates>
						16.87102614369078,51.10949348857451,0 16.87096182449536,51.10942560660394,0 16.87089217141224,51.1093773300306,0 16.87082732223017,51.10933531064352,0 16.87073916968329,51.10930029748917,0 16.87061953511106,51.10927736593671,0 16.87053259026722,51.1092651045469,0 16.87042086034121,51.1092577540216,0 16.87032695190148,51.10926298700253,0 16.87010020453584,51.10931854701845,0 16.86996433918283,51.10935439016218,0 16.86862300487534,51.10976388186776,0 16.86793567104959,51.1099734998685,0 16.8677377214693,51.11003055116721,0 16.86761312308463,51.11006036683388,0 16.86749066670385,51.11007154247557,0 16.86738672529154,51.11006943126645,0 16.86726656697366,51.11005678671785,0 16.86716825788312,51.11002985797957,0 16.86706528703141,51.10999149193665,0 16.86697301843305,51.10993670086935,0 16.86689535177121,51.10987783101331,0 16.86683435535788,51.10981396118231,0 16.86676226276585,51.10972180315962,0 
					</coordinates>
				</LineString>
			</Placemark>
			<Placemark>
				<name>D</name>
				<styleUrl>#msn_ylw-pushpin6120</styleUrl>
				<LineString>
					<tessellate>1</tessellate>
					<coordinates>
						16.87373885292611,51.10821501077744,0 16.87281815347203,51.10849832955901,0 16.87217855196403,51.10868947072441,0 16.87137345193341,51.10893200468146,0 16.87029074638803,51.10926107689104,0 16.86997752176791,51.10935298191252,0 
					</coordinates>
				</LineString>
			</Placemark>
			<Placemark>
				<name>D1</name>
				<styleUrl>#msn_ylw-pushpin1012</styleUrl>
				<LineString>
					<tessellate>1</tessellate>
					<coordinates>
						16.89537428286211,51.09641477113726,0 16.89566371530826,51.09638432096925,0 16.89571285546447,51.09638245105522,0 16.89575434768928,51.09638616605927,0 16.89579188983354,51.09639298372398,0 16.89584030135601,51.09640600337401,0 16.89587686042694,51.09642336788005,0 16.89590946888465,51.09644259426323,0 16.89593633455766,51.0964693966777,0 16.89676845909727,51.09753647836536,0 16.89742292585542,51.09839726125054,0 16.89764120000667,51.09866448085789,0 16.89770325828449,51.09878620624224,0 16.89771710893246,51.0988263086832,0 16.8977220644662,51.09885856823289,0 16.89772109309062,51.09889206972133,0 16.89771320929169,51.09893177648591,0 16.89769840602434,51.09896341946919,0 16.89767372500549,51.09899816633899,0 16.89764706654523,51.0990298116194,0 16.8976054315183,51.09906469101347,0 16.8975530853762,51.09909323926304,0 16.89749184446778,51.09911496486858,0 16.89670285981063,51.09934378883995,0 
					</coordinates>
				</LineString>
			</Placemark>
			<Placemark>
				<name>D4</name>
				<styleUrl>#msn_ylw-pushpin1012</styleUrl>
				<LineString>
					<tessellate>1</tessellate>
					<coordinates>
						16.87360220947478,51.10641612645545,0 16.87274657726539,51.10667419107945,0 16.87267784613642,51.10669026672864,0 16.87260911560232,51.10669280386419,0 16.87253364731026,51.1066851869704,0 16.87244065991046,51.10666910810991,0 16.87235441127882,51.10664456776494,0 16.87228584592987,51.10661720812632,0 16.87222655099742,51.10658674521556,0 16.87217668991374,51.10655205171654,0 16.87212548158075,51.10651143506694,0 16.87182008269748,51.10611955249577,0 16.87092490552619,51.1049448452794,0 16.87089526125999,51.10491015192783,0 16.87084136094067,51.10486699616545,0 16.8708009360831,51.10483122533494,0 16.8707659018889,51.10479314713778,0 16.87074299671182,51.10474830011603,0 16.87072682995393,51.10469922255018,0 16.87072818161731,51.10465491413579,0 16.87073627092863,51.10461345284067,0 16.87074705480554,51.10457876087961,0 16.87076861925467,51.1045457616017,0 16.87080340608733,51.1045042714601,0 16.8708384463244,51.10447211879789,0 16.87088291937716,51.10444250492763,0 16.87093547763029,51.10441627592331,0 16.87098534027126,51.10439427758158,0 16.87104463547339,51.1043782026271,0 16.87110662559383,51.10436466617477,0 16.87115918195543,51.10435874478799,0 16.87135894794448,51.10430163626552,0 
					</coordinates>
				</LineString>
			</Placemark>
			<Placemark>
				<name>D4</name>
				<styleUrl>#msn_ylw-pushpin612</styleUrl>
				<LineString>
					<tessellate>1</tessellate>
					<coordinates>
						16.87212459233623,51.10650924604624,0 16.87214506187565,51.10654861119629,0 16.87216041344844,51.10658797621882,0 16.87216552866849,51.10663457121167,0 16.87216424670781,51.10667634589139,0 16.87215400829548,51.10671731699851,0 16.87213481347027,51.10675668117596,0 16.87211126867783,51.10679420929456,0 16.87207416059988,51.10683678646641,0 16.87203705330806,51.10686570651489,0 16.87198843005921,51.10690024978922,0 16.87191383972635,51.10694030511805,0 16.87110189875107,51.10719128081489,0 
					</coordinates>
				</LineString>
			</Placemark>
			<Placemark>
				<name>E</name>
				<styleUrl>#msn_ylw-pushpin612</styleUrl>
				<LineString>
					<tessellate>1</tessellate>
					<coordinates>
						16.87135772302312,51.10430220206194,0 16.87423110594691,51.10341858607381,0 16.87650345454096,51.10272793299071,0 16.87872789430859,51.10205249787519,0 16.87879623539138,51.10202689960163,0 16.87888294742777,51.10198926590842,0 16.87897858562445,51.10193801984919,0 16.87923595264087,51.10180462155471,0 16.88164572446506,51.10055252667694,0 16.88299367572531,51.09984763009082,0 16.88541665747934,51.0985906184695,0 16.88662661686657,51.09795775797997,0 16.88771204166015,51.09739393957152,0 16.88785202315017,51.09732145798111,0 16.88790939559149,51.09729743205908,0 16.88797569328468,51.09727340545411,0 16.8880330677058,51.09726058963222,0 16.88812104287285,51.0972469707678,0 16.88833906996511,51.09722293252578,0 16.89326744698618,51.09665421640229,0 16.89538050235561,51.09641434901337,0 
					</coordinates>
				</LineString>
			</Placemark>
			<Placemark>
				<name>F</name>
				<styleUrl>#msn_ylw-pushpin4240</styleUrl>
				<LineString>
					<tessellate>1</tessellate>
					<coordinates>
						16.89722154412397,51.10280196593929,0 16.89776895170697,51.10350906696918,0 
					</coordinates>
				</LineString>
			</Placemark>
			<Placemark>
				<name>G1</name>
				<styleUrl>#lineStyle20</styleUrl>
				<LineString>
					<tessellate>1</tessellate>
					<coordinates>
						16.89248528753809,51.10241084965654,0 16.89256467201989,51.10236396789587,0 16.89260926063921,51.10232038939576,0 16.89264640949446,51.10226436321212,0 16.89266124968358,51.10219589181946,0 16.89264883610084,51.10214142994418,0 16.89261411143496,51.10206829839363,0 16.89256700073555,51.1020060616475,0 16.89249759273543,51.10195783351974,0 16.89241827424591,51.10191427529995,0 16.89231417840358,51.10188005771029,0 16.89215556812757,51.10185674156933,0 16.89149742714928,51.10182778901806,0 16.89088284321797,51.10181232148556,0 16.89036085615176,51.10179994989736,0 16.88987656820038,51.10181091238359,0 16.88955193486826,51.10182029436393,0 16.88907791771058,51.10186081838427,0 16.8886379835359,51.10191222869651,0 16.88827324053334,51.10196518388653,0 16.88800314128022,51.10202746273985,0 16.88770083044897,51.10210997464111,0 16.88736495745913,51.10221157475207,0 
					</coordinates>
				</LineString>
			</Placemark>
			<Placemark>
				<name>G1</name>
				<styleUrl>#lineStyle3</styleUrl>
				<LineString>
					<tessellate>1</tessellate>
					<coordinates>
						16.89210931728058,51.10185510947372,0 16.89224771475172,51.10186129464434,0 16.89240835854595,51.10187833890059,0 16.89263326326896,51.10191089068722,0 16.89287794829599,51.10196671618624,0 16.89307711799193,51.10201944498084,0 16.89323035545765,51.10205355939059,0 16.89336381490736,51.10207060678266,0 16.89349232622047,51.10207524019651,0 16.89362824324968,51.1020612501774,0 
					</coordinates>
				</LineString>
			</Placemark>
			<Placemark>
				<name>H</name>
				<styleUrl>#msn_ylw-pushpin</styleUrl>
				<LineString>
					<tessellate>1</tessellate>
					<coordinates>
						16.88350121673817,51.10518940247989,0 16.88371877982683,51.10514094426452,0 16.88388458589191,51.10510340846143,0 16.88402161153844,51.10508733499791,0 16.88415019484588,51.10508975576555,0 16.88427645336614,51.10511768985705,0 16.88437855174209,51.10515230037627,0 16.88447639828298,51.10519863624371,0 16.88455752880982,51.10524452310797,0 16.88464041898186,51.10531111433382,0 16.88471155373603,51.10539706697526,0 16.88499042507909,51.10575912576367,0 16.88506396641915,51.1058545606047,0 16.885109540889,51.10593972308426,0 16.88511819537006,51.10601404688737,0 16.88511002942122,51.10608246581624,0 16.88508864558266,51.10616274815153,0 16.88502833802309,51.1062483463124,0 16.88493567639276,51.10632427543483,0 16.88482339918575,51.10638389240095,0 16.88467265783611,51.10644299210563,0 16.8844664698104,51.10651430928432,0 
					</coordinates>
				</LineString>
			</Placemark>
			<Placemark>
				<name>H</name>
				<styleUrl>#msn_ylw-pushpin</styleUrl>
				<LineString>
					<tessellate>1</tessellate>
					<coordinates>
						16.88516785009987,51.10467663812027,0 16.88490994866626,51.10478150295323,0 16.88480523735154,51.10483554532648,0 16.8847140521625,51.10489790558005,0 16.88464387862557,51.10497379156639,0 16.88460405238023,51.10504357398359,0 16.88459321413302,51.10510521110238,0 16.88459418394353,51.10517826654574,0 16.88461780279096,51.1052450360762,0 16.88464578266588,51.10531809140961,0 
					</coordinates>
				</LineString>
			</Placemark>
			<Placemark>
				<name>J1</name>
				<styleUrl>#msn_ylw-pushpin612</styleUrl>
				<LineString>
					<tessellate>1</tessellate>
					<coordinates>
						16.87345661260244,51.10648949675227,0 16.8726755528013,51.10672434128893,0 16.87260771154958,51.10675198842523,0 16.87255183507414,51.10678219703566,0 16.87249285367319,51.10682507415368,0 16.8724493928642,51.10687087509738,0 16.87242145286383,51.10691570185082,0 16.8724028255182,51.10695755951156,0 16.87239351066042,51.10700043764514,0 16.87239350843338,51.10704136696464,0 16.87239971477054,51.10707839838806,0 16.87241988969561,51.10712127715315,0 16.87399976749905,51.10918391478037,0 
					</coordinates>
				</LineString>
			</Placemark>
			<Placemark>
				<name>J1</name>
				<styleUrl>#msn_ylw-pushpin1012</styleUrl>
				<LineString>
					<tessellate>1</tessellate>
					<coordinates>
						16.87243539778655,51.10713911950754,0 16.87239791593624,51.10710341082501,0 16.87235138648417,51.10706689039053,0 16.87229580891836,51.10703686209639,0 16.87224281618454,51.10701332617725,0 16.87217560539716,51.10699303607326,0 16.87211097932441,51.1069800498845,0 16.87205152313142,51.10697193302932,0 16.87197397110624,51.10696949649209,0 16.8718990034931,51.10697761003339,0 16.87177879550286,51.10700925705267,0 16.8710000737432,51.10724615009277,0 
					</coordinates>
				</LineString>
			</Placemark>
			<Placemark>
				<name>K</name>
				<styleUrl>#msn_ylw-pushpin6120</styleUrl>
				<LineString>
					<tessellate>1</tessellate>
					<coordinates>
						16.87162083755958,51.1101989856768,0 16.87124198074392,51.10977305334188,0 16.87110372123805,51.10961278183293,0 16.87106221014619,51.10956251782095,0 16.87100385196886,51.10946170723722,0 16.87098051955354,51.10938106121338,0 16.87097762165885,51.10930225013572,0 16.87100099743469,51.10922160904344,0 16.87103896698979,51.10915013354338,0 16.87110612831277,51.10908049392886,0 16.87120539957332,51.10901635608803,0 16.87129882749864,51.10896871284147,0 16.87140694062373,51.10892191703068,0 
					</coordinates>
				</LineString>
			</Placemark>
			<Placemark>
				<name>L</name>
				<styleUrl>#msn_ylw-pushpin</styleUrl>
				<LineString>
					<tessellate>1</tessellate>
					<coordinates>
						16.86676550859411,51.10972332146527,0 16.86659155163807,51.1094966643201,0 16.86646001149496,51.10932536281765,0 16.86635122969471,51.10915838266104,0 16.8663134791245,51.10908679709802,0 16.86629669986092,51.10902169744701,0 16.86629540812746,51.1089646035818,0 16.86630722396211,51.10890370656745,0 16.86632176875202,51.10885524457278,0 16.8663496993766,51.1088070609711,0 16.86638553921441,51.10876076970622,0 16.86642927763704,51.10871635162722,0 16.86648091092225,51.10867378942743,0 16.86655421997649,51.10862478038011,0 16.86662561766833,51.10858677739014,0 16.8667087422862,51.10855567724624,0 16.86680368595261,51.10852296960491,0 16.8669099291125,51.10848707851259,0 
					</coordinates>
				</LineString>
			</Placemark>
		</Folder>
		<Folder>
			<name>Roads</name>
			<Placemark>
				<name>Road1</name>
				<styleUrl>#msn_ylw-pushpin275</styleUrl>
				<LineString>
					<tessellate>1</tessellate>
					<coordinates>
						16.90185759700654,51.10097693841356,0 16.90187020945621,51.10095989315553,0 16.90187020858158,51.10093981134457,0 16.90186132405569,51.10091192009097,0 16.90185243998661,51.10089462756978,0 16.90183822597682,51.10087789296715,0 16.9018115753394,51.10086115855888,0 16.90177870675521,51.10085279167374,0 16.90174583824437,51.10084609825865,0 16.90186131960247,51.10080983752034,0 16.90191817632158,51.10089127946595,0 16.90193239016838,51.10090355143652,0 16.90195015703864,51.10090912940228,0 16.90197947203633,51.1009108023602,0 16.90200345684351,51.10090801278091,0 
					</coordinates>
				</LineString>
			</Placemark>
			<Placemark>
				<name>Road2</name>
				<styleUrl>#msn_ylw-pushpin275</styleUrl>
				<LineString>
					<tessellate>1</tessellate>
					<coordinates>
						16.90198121863283,51.10133839690926,0 16.9020069809137,51.10134620605484,0 16.9020247481277,51.10135457316437,0 16.90203718546259,51.10136628733947,0 16.90209671771266,51.1016421346792,0 16.90218152173148,51.10210747739134,0 16.90218418925333,51.10215600839079,0 16.90217974897234,51.10218613120159,0 16.90216909009364,51.1022140228255,0 16.90216020778566,51.10223968310308,0 16.902158432212,51.10226255410313,0 16.90216465261002,51.10230104415566,0 16.90221585264999,51.10254943937801,0 16.90222651411442,51.10257100713568,0 16.90225494378532,51.10261005453287,0 16.90227537796948,51.1026446394617,0 16.90229403579055,51.10268591836904,0 16.90241270266126,51.10330050825814,0 16.90241981250072,51.10335192887351,0 16.9024198160805,51.10341607913266,0 16.90242250476667,51.1038401983147,0 16.90241184498645,51.103855817735,0 16.90239052455557,51.1038719952149,0 16.9023585435387,51.10388984640689,0 16.90233455767027,51.10390156131172,0 16.90230346482055,51.10391662333064,0 
					</coordinates>
				</LineString>
			</Placemark>
			<Placemark>
				<name>Road3</name>
				<styleUrl>#msn_ylw-pushpin275</styleUrl>
				<LineString>
					<tessellate>1</tessellate>
					<coordinates>
						16.90259161321699,51.10391459255735,0 16.90255983770297,51.10390704393497,0 16.90252634433961,51.10389464218118,0 16.90251002680435,51.1038838577512,0 16.90249370901886,51.10386875939783,0 16.90248512014711,51.10385096466798,0 16.90248425902284,51.10380998243737,0 16.90247564565408,51.10335871498148,0 16.90247049095693,51.10332258601138,0 16.90245932240035,51.10324385718652,0 16.90223852617337,51.10206416332395,0 16.90215370470566,51.1016341056413,0 16.90210130767818,51.10135283616557,0 16.90209958951009,51.1013388159552,0 16.90210989342993,51.1013194031126,0 16.90213221929619,51.10129297990427,0 
					</coordinates>
				</LineString>
			</Placemark>
			<Placemark>
				<name>Road4</name>
				<styleUrl>#msn_ylw-pushpin275</styleUrl>
				<LineString>
					<tessellate>1</tessellate>
					<coordinates>
						16.90085854273575,51.10353680569417,0 16.90084807008974,51.10351680287003,0 16.90082458734021,51.10350590456629,0 16.90080008368295,51.10349821169971,0 16.90077660108934,51.1034937242637,0 16.90053156592956,51.10348987933097,0 16.900501957536,51.10349116166147,0 16.90048868483149,51.10349564935083,0 16.90047949616134,51.10350718900051,0 16.90048358408112,51.10380275367803,0 16.90049733889293,51.10381724408077,0 16.900527467603,51.10384148247703,0 16.90056701118385,51.10384916764081,0 16.90063762462552,51.10385626139765,0 16.90070258899361,51.1038645375228,0 16.90074872315792,51.10387222257446,0 16.90078450063056,51.10387576940166,0 16.9008127458381,51.10387103970194,0 16.90083534169312,51.10385212162175,0 16.9008551129902,51.10383320356266,0 
					</coordinates>
				</LineString>
			</Placemark>
			<Placemark>
				<name>Road5</name>
				<styleUrl>#msn_ylw-pushpin275</styleUrl>
				<LineString>
					<tessellate>1</tessellate>
					<coordinates>
						16.90054069098335,51.10405174501019,0 16.90049519669487,51.1040479723762,0 16.90047202029595,51.10404312163891,0 16.90045485248256,51.10402964710776,0 16.90045399386874,51.10401186061432,0 16.90045313492053,51.10396874183235,0 16.90045914337736,51.10395311124354,0 16.90047459404535,51.10393909756209,0 16.90049691170009,51.10392346688013,0 16.90052266298625,51.10391592095549,0 16.90056300681751,51.10391484276245,0 16.90066000372586,51.10391807606683,0 16.9006994893061,51.10392616056426,0 16.9007235240748,51.10393424516026,0 16.90074755903652,51.10395203147654,0 16.90075700153508,51.10396873992722,0 16.90076730257882,51.10399353313795,0 16.90076730307562,51.10401886541114,0 
					</coordinates>
				</LineString>
			</Placemark>
			<Placemark>
				<name>Road6</name>
				<styleUrl>#msn_ylw-pushpin275</styleUrl>
				<LineString>
					<tessellate>1</tessellate>
					<coordinates>
						16.90033996395635,51.10352848409825,0 16.90009901509563,51.10353037602679,0 16.90005534308004,51.10352612092116,0 16.90002823629421,51.10351902898653,0 16.90001091805598,51.10351099143671,0 16.90000941209097,51.10350248106868,0 16.90001920060711,51.1034897155002,0 16.90005835475393,51.10348167787306,0 16.90023078362675,51.10348120466976,0 16.90026617298909,51.10348498693785,0 16.9002977975727,51.10349302439447,0 16.90032113960697,51.10350626265533,0 16.90033996395635,51.10352848409825,0 
					</coordinates>
				</LineString>
			</Placemark>
			<Placemark>
				<name>Road7</name>
				<styleUrl>#msn_ylw-pushpin275</styleUrl>
				<LineString>
					<tessellate>1</tessellate>
					<coordinates>
						16.90086095324976,51.10337954478134,0 16.90084917814976,51.10339147421729,0 16.90083990992707,51.10339962197637,0 16.90081673904036,51.10340369601053,0 16.90076205567229,51.10340835226914,0 16.90046361398575,51.10341242803108,0 16.90023375807622,51.10340602721817,0 16.90011687783845,51.103335703424,0 16.89864857763641,51.10331823811451,0 16.89854662372877,51.10338341843728,0 16.8984948933106,51.10338267001305,0 16.89834845301208,51.10338208621194,0 16.89831508697154,51.10337859391265,0 16.8982974773801,51.10336847958242,0 16.89849397584038,51.10306585396333,0 16.89854658279024,51.10307186127557,0 16.89858551318143,51.10294499074709,0 16.89838439196867,51.10292520113448,0 16.89834916853738,51.10304741586906,0 16.89840385133535,51.10305498226139,0 16.89832231105953,51.10316889868398,0 16.89830470113847,51.10317122635926,0 16.89828338395034,51.1031718080531,0 16.89826021264232,51.10318577518581,0 16.89802015533132,51.10338518930689,0 16.89739744461436,51.10340857754309,0 16.89725427181155,51.10343752512465,0 16.8972664023097,51.10348476074142,0 16.8973207417268,51.10347994962307,0 16.89735894820996,51.10352477756555,0 16.89744307070469,51.10352281105954,0 16.89741669297765,51.10349123535525,0 16.89742741025861,51.1034788125647,0 16.89745626290114,51.10347467215603,0 16.89826284813939,51.10345605140771,0 16.89828180822161,51.10345863979178,0 16.89828840258838,51.10347261577131,0 16.89832188340812,51.10355974559117,0 16.89840382180103,51.10392291381221,0 16.89840052320499,51.10395916436047,0 16.89838321021261,51.10400160943325,0 16.89834776145964,51.10403473701885,0 16.89830324514862,51.10405233571168,0 16.8981903063628,51.10407096870331,0 16.89763423270014,51.10412742719721,0 16.89757780889803,51.10412164434998,0 16.8975394843919,51.10411212971844,0 16.89750918190382,51.10409310135712,0 16.89749046613121,51.1040723943045,0 16.89748511933499,51.10405560499534,0 16.89747621290681,51.10393249732518,0 16.89745394396084,51.10368378026776,0 16.89736481667282,51.10368713621148,0 16.89739955542481,51.10407775886082,0 16.89739061951797,51.1040999684935,0 16.89736588789533,51.10412701715831,0 16.89732839219656,51.10415556828628,0 16.8965185974238,51.10423584704693,0 16.89638326006214,51.10425481146022,0 16.89401811982133,51.1046332118532,0 16.89398066779239,51.10457554618396,0 16.89370677977948,51.10463076432185,0 16.89372368774441,51.10469981002662,0 16.89168994250491,51.10513617088651,0 16.89056827788133,51.10536810479609,0 16.88994329292306,51.10552400775487,0 16.88694635094036,51.10637686167344,0 16.88686054661764,51.10640189042933,0 16.88680375077027,51.10640340159336,0 16.88675178963659,51.10640111959851,0 16.88670587186423,51.10639428586304,0 16.88666358152334,51.10637986516846,0 16.88662975269364,51.1063563406091,0 16.88656935174306,51.10628804772554,0 16.88651499363449,51.10621747930431,0 16.88649929265461,51.10618864562895,0 16.88649929967602,51.10616436614521,0 16.88650776817672,51.10613098281982,0 16.88651986167076,51.10609835863771,0 16.88654162126981,51.10606952922759,0 
					</coordinates>
				</LineString>
			</Placemark>
			<Placemark>
				<name>Road8</name>
				<styleUrl>#msn_ylw-pushpin275</styleUrl>
				<LineString>
					<tessellate>1</tessellate>
					<coordinates>
						16.88621809617043,51.1061684813088,0 16.88626301534686,51.1061650471333,0 16.88631888753719,51.10617055667423,0 16.88637585227589,51.1061863845431,0 16.88641638235968,51.10620633776545,0 16.88645252880838,51.10623110564593,0 16.88654233200742,51.10634599206938,0 16.88656283343957,51.10638001806889,0 16.8865706430832,51.10640026091799,0 16.88656379731846,51.10642540924328,0 16.88655108869501,51.10645485065152,0 16.886509066877,51.10650207712063,0 16.88360124163197,51.10733490755117,0 16.88343998648096,51.10737612595696,0 16.88339993003702,51.10737980070033,0 16.88337648398616,51.10737734383694,0 16.88335597012331,51.10737120702118,0 
					</coordinates>
				</LineString>
			</Placemark>
			<Placemark>
				<name>Road9</name>
				<styleUrl>#msn_ylw-pushpin275</styleUrl>
				<LineString>
					<tessellate>1</tessellate>
					<coordinates>
						16.88345752695681,51.10750187400717,0 16.88346046501761,51.10748163243365,0 16.88347317288471,51.10746077883547,0 16.88349174178864,51.10744176623336,0 16.88351617133423,51.10742582141618,0 16.88361778627279,51.10739271231622,0 16.88396651133104,51.1072951530629,0 16.8839977752492,51.10729086354787,0 16.88402219840277,51.10729270702809,0 16.88404954716407,51.10730988571352,0 16.8840915489777,51.10733074672348,0 16.88412671675169,51.1073381121648,0 16.88417751786659,51.1073393457574,0 16.88421268878093,51.10733751028549,0 16.88423418360381,51.10733199261317,0 
					</coordinates>
				</LineString>
			</Placemark>
			<Placemark>
				<name>Road10</name>
				<styleUrl>#msn_ylw-pushpin275</styleUrl>
				<LineString>
					<tessellate>1</tessellate>
					<coordinates>
						16.88557323433558,51.10691833351184,0 16.88554788766336,51.10687559182482,0 16.88556202816955,51.10684675701165,0 16.88559618631182,51.10682457922186,0 16.88632395460096,51.10661862979731,0 16.88635400006887,51.10661902609733,0 16.88638266609598,51.10662236259628,0 16.88640602089522,51.10663436476473,0 16.8864187571355,51.1066503655478,0 16.88643467628096,51.10667436634207,0 16.88644103975749,51.10669836604014,0 16.886433601174,51.10672036424324,0 16.88629554673847,51.1069819093134,0 16.88635073431193,51.1070619123137,0 16.88647760153405,51.10707861598476,0 16.88653455152965,51.10706006557756,0 16.8865980527659,51.10712746040431,0 16.88747728336771,51.10685089850081,0 16.88716287123638,51.10645893650756,0 16.88714725182775,51.106429498437,0 16.88714552293192,51.10640224234372,0 16.88716810166533,51.10638153030049,0 16.88719241436864,51.10636954033383,0 16.88729513377042,51.10634042194318,0 16.88733769776851,51.10634301283076,0 16.88735829102219,51.10635249823074,0 16.8874118269061,51.10640164413203,0 16.88743927945285,51.10643354506595,0 
					</coordinates>
				</LineString>
			</Placemark>
			<Placemark>
				<name>Road11</name>
				<styleUrl>#msn_ylw-pushpin275</styleUrl>
				<LineString>
					<tessellate>1</tessellate>
					<coordinates>
						16.88749835109919,51.10641362710544,0 16.8874545153958,51.10634333516091,0 16.88745105709259,51.10632884256692,0 16.88745336970717,51.10631217674874,0 16.88746837702115,51.10629551227138,0 16.88750184878033,51.10628102357698,0 16.88862649012125,51.10596310012421,0 16.88871051239728,51.10594345506547,0 16.88875993419144,51.10594449413643,0 16.8888063735661,51.10596263724479,0 16.88885438720022,51.10600650490801,0 16.88886569180553,51.10603389951003,0 16.88884144617822,51.106065349072,0 16.88882043178539,51.10609882808838,0 16.8888139602323,51.10613230847636,0 16.8888333403584,51.10617593705556,0 16.88905949277508,51.1064762726728,0 16.88916291629461,51.10644787391766,0 16.88914396176068,51.10643018421367,0 16.88913911981614,51.10640583392441,0 16.88915366728373,51.10638655830214,0 16.88921669182691,51.10636525789462,0 16.889867428204,51.10618656531283,0 16.88979150572543,51.10607799923493,0 16.88980120604738,51.10605466484535,0 16.89000942265604,51.10585205659113,0 16.89067357708908,51.10568166194626,0 16.89056361637381,51.10550684725425,0 16.89056506655033,51.10547331393212,0 16.89058528048582,51.10544340732934,0 16.89063724948378,51.10541440953853,0 16.89093649169895,51.10535157594657,0 16.89235363763475,51.10504832880311,0 16.89238425229765,51.10507257127837,0 16.89261470861354,51.10545706066441,0 16.89295285909518,51.105378508283,0 16.89274048153326,51.10500309708854,0 16.89273725858182,51.10497484817554,0 16.8933875557593,51.10483550520908,0 16.89405638507733,51.10469125594945,0 16.89437322600778,51.10463025188059,0 16.89646203778543,51.10430406107334,0 16.89673227924044,51.10427146894872,0 16.89787736705004,51.10415792759095,0 16.89833697242312,51.10411688949181,0 16.89839421470903,51.10411689021827,0 16.89843015715618,51.10412942886003,0 16.89843681287624,51.10414113126243,0 
					</coordinates>
				</LineString>
			</Placemark>
			<Placemark>
				<name>Road12</name>
				<styleUrl>#msn_ylw-pushpin275</styleUrl>
				<LineString>
					<tessellate>1</tessellate>
					<coordinates>
						16.88938709727327,51.10595499183911,0 16.88933168888335,51.1058679810747,0 16.88920177128695,51.10590331542657,0 16.88926237572644,51.10599032666397,0 16.88919019852126,51.1060120716025,0 16.88913390186279,51.10602203591728,0 16.88907616407602,51.10602203065531,0 16.88902997658013,51.10601024438299,0 16.88899245301364,51.10598486422672,0 16.8889693662664,51.10594951596642,0 16.88896504304572,51.10591960730752,0 16.88899103232761,51.10588879515049,0 16.88903145530377,51.10586070326546,0 16.88951792588887,51.10571755031214,0 16.88957999423273,51.105713930546,0 16.88962618101443,51.10572752923815,0 16.88965071293239,51.10575653327428,0 16.88966225198125,51.10579459926545,0 16.88965358417123,51.1058272256389,0 16.88962326381169,51.10586438166837,0 16.88956551870729,51.10589881636366,0 16.88950055773038,51.10592690622624,0 16.88938709727327,51.10595499183911,0 
					</coordinates>
				</LineString>
			</Placemark>
			<Placemark>
				<name>Road13</name>
				<styleUrl>#msn_ylw-pushpin275</styleUrl>
				<LineString>
					<tessellate>1</tessellate>
					<coordinates>
						16.88997246586307,51.10569430175644,0 16.8899032365295,51.10571101352888,0 16.88987128543977,51.10571435433793,0 16.88984998610195,51.10571017313378,0 16.8898300209848,51.10569261792566,0 16.88982736337196,51.10567004892361,0 16.8898393503994,51.10564413764609,0 16.88987263633886,51.10562407934984,0 16.89030931302617,51.10551127197134,0 16.89036256360052,51.10550960454161,0 16.89039318008017,51.10552130934036,0 16.89041181355731,51.105541371959,0 16.8904224600205,51.10555892629077,0 16.89041180637226,51.10557647890547,0 16.89038251527461,51.10559319413286,0 16.88997246586307,51.10569430175644,0 
					</coordinates>
				</LineString>
			</Placemark>
			<Placemark>
				<name>Road14</name>
				<styleUrl>#msn_ylw-pushpin275</styleUrl>
				<LineString>
					<tessellate>1</tessellate>
					<coordinates>
						16.8924941311337,51.105179050278,0 16.89243343723935,51.10506339140553,0 16.89243344232327,51.10503173164197,0 16.89266086337533,51.1049858715192,0 16.89269584587547,51.10501301060759,0 16.89275139661132,51.10511962337716,0 16.8924941311337,51.105179050278,0 
					</coordinates>
				</LineString>
			</Placemark>
			<Placemark>
				<name>Road15</name>
				<styleUrl>#msn_ylw-pushpin275</styleUrl>
				<LineString>
					<tessellate>1</tessellate>
					<coordinates>
						16.88755695541099,51.09755732529956,0 16.88815787883703,51.09764075080662,0 16.89054100428461,51.10071562137188,0 16.89037410355112,51.1010075014512,0 16.89115812565334,51.10076760938375,0 16.89068453094069,51.10067632355386,0 16.88829962646576,51.09760077826514,0 16.88856966411856,51.09726159850714,0 
					</coordinates>
				</LineString>
			</Placemark>
			<Placemark>
				<name>Road16</name>
				<styleUrl>#msn_ylw-pushpin275</styleUrl>
				<LineString>
					<tessellate>1</tessellate>
					<coordinates>
						16.87846546009217,51.10220088957171,0 16.87894791776562,51.10230037939998,0 16.88016920369791,51.10388100172437,0 16.88000190130389,51.10418352912176,0 16.88079354258072,51.10394032280576,0 16.88031233229318,51.10383606958302,0 16.87904459358365,51.10221251840557,0 16.87914603348345,51.10192926610793,0 
					</coordinates>
				</LineString>
			</Placemark>
			<Placemark>
				<name>Road17</name>
				<styleUrl>#msn_ylw-pushpin2</styleUrl>
				<LineString>
					<tessellate>1</tessellate>
					<coordinates>
						16.88610172460999,51.10582731917808,0 16.88612546500644,51.10579247529771,0 16.88613335950759,51.10576261417321,0 16.88612697962181,51.10572479672479,0 16.8861047387779,51.10567703324517,0 16.88581607152952,51.10528496059478,0 16.88550114583344,51.10482741648417,0 16.88559105773528,51.10479831430067,0 16.88571044205333,51.10497321604234,0 16.88577260795176,51.10501726805509,0 16.88585808859243,51.10500026369319,0 16.8867185950655,51.10474383019519,0 16.88681719162682,51.10473779764845,0 16.88688401782921,51.10476672849256,0 16.88714044569641,51.10512311790164,0 16.88713413374881,51.10517005399173,0 16.88709269403713,51.10520801011667,0 16.88622339627555,51.10546300858582,0 16.88616164654244,51.10549479219227,0 16.88612529400952,51.10554346322797,0 16.88616184700249,51.10562890809562,0 16.88620620342213,51.10569490633429,0 16.88627756392678,51.10572473481116,0 16.88633464003112,51.10573665453132,0 16.88639170557425,51.10573862161075,0 
					</coordinates>
				</LineString>
			</Placemark>
			<Placemark>
				<name>Road18</name>
				<styleUrl>#msn_ylw-pushpin275</styleUrl>
				<LineString>
					<tessellate>1</tessellate>
					<coordinates>
						16.8655369907546,51.10842892069335,0 16.86508091780455,51.10782202629052,0 16.86511385156157,51.10767281066131,0 16.86673478167986,51.10672046307907,0 16.86989382263487,51.10487956230272,0 16.86983728059014,51.10481275177106,0 16.86979563214455,51.10482129543568,0 16.86857248909802,51.10519267105014,0 16.86839640317564,51.10522996327157,0 16.86825864497187,51.10523636729802,0 16.86806521483209,51.10521975220511,0 16.86740521115284,51.10513031622562,0 16.86751298872359,51.10504946413733,0 16.86762867197685,51.10507591365666,0 16.86797340261971,51.10512957699518,0 16.8681994929636,51.10514504855217,0 16.86836545363785,51.10513848884622,0 16.86851272553876,51.10511651362253,0 16.86868806283588,51.10507032946236,0 16.86975698209197,51.10473172316658,0 16.87039439027784,51.10454032609798,0 16.87051507539704,51.10448476294607,0 16.87074258953729,51.1044173129827,0 
					</coordinates>
				</LineString>
			</Placemark>
			<Placemark>
				<name>Road19</name>
				<styleUrl>#msn_ylw-pushpin275</styleUrl>
				<LineString>
					<tessellate>1</tessellate>
					<coordinates>
						16.87084340052199,51.10496800908349,0 16.87048132634803,51.1048494855007,0 16.87010103535043,51.10487781356424,0 16.86969188360637,51.10511249730488,0 16.86547339236726,51.10757073467521,0 16.86541126388856,51.10761425154868,0 16.86537006374786,51.10766018856058,0 16.86532427720948,51.10772263715205,0 16.865307088759,51.10777073506546,0 16.86529904290106,51.10782601522354,0 16.86530014664599,51.10787914422793,0 16.86531954614576,51.10793275337748,0 16.86536866214161,51.10800599923736,0 16.86554027092183,51.10823182764768,0 16.86580821355512,51.10834476608652,0 
					</coordinates>
				</LineString>
			</Placemark>
			<Placemark>
				<name>Road20</name>
				<styleUrl>#msn_ylw-pushpin275</styleUrl>
				<LineString>
					<tessellate>1</tessellate>
					<coordinates>
						16.87715863197251,51.10050475082414,0 16.8784549472619,51.10175721611481,0 16.8783043221534,51.10211381577484,0 16.87875071802468,51.10196874564328,0 16.87911606981381,51.10179040099951,0 16.87864762758856,51.10175480143141,0 16.8772989018854,51.10044492350165,0 
					</coordinates>
				</LineString>
			</Placemark>
			<Placemark>
				<name>Road21</name>
				<styleUrl>#msn_ylw-pushpin275</styleUrl>
				<LineString>
					<tessellate>1</tessellate>
					<coordinates>
						16.8805895598707,51.10102455171953,0 16.88066901062623,51.10095426227331,0 16.88069965286048,51.10090139025956,0 16.88071689666479,51.10085332307612,0 16.88072169327018,51.10082388098927,0 16.88071309428262,51.10079263409057,0 16.880679619934,51.10075297087007,0 16.88059611639392,51.100649218606,0 16.88055595367535,51.1005867210128,0 16.88053683800746,51.10053444174584,0 16.88053111283616,51.100495984799,0 16.88053400001188,51.10045632752467,0 16.88054549880646,51.10041727253458,0 16.88056892431343,51.10037495563313,0 16.88061628303742,51.10031346678424,0 16.88066126892701,51.10028222866618,0 16.8808785246425,51.10016929955972,0 16.88097226861591,51.10024021795755,0 16.88074065950534,51.1003537457551,0 16.88071194373526,51.10037702131685,0 16.88068417552183,51.10042268326912,0 16.88067171447516,51.1004749573499,0 16.88066690616045,51.10053263330695,0 16.8806755025689,51.10056988895987,0 16.88069749525171,51.10060714680547,0 16.88074628940636,51.10064725690929,0 16.88080655930364,51.10067971396518,0 16.88086874819519,51.10069955292835,0 16.88094050911658,51.10071158202948,0 16.88101992754368,51.10071760356681,0 16.88109169390387,51.10071641333617,0 16.88115580960688,51.1007044060902,0 16.88123332595416,51.1006815851924,0 
					</coordinates>
				</LineString>
			</Placemark>
			<Placemark>
				<name>Road22</name>
				<styleUrl>#msn_ylw-pushpin275</styleUrl>
				<LineString>
					<tessellate>1</tessellate>
					<coordinates>
						16.88519480813471,51.09792138017557,0 16.88545398863913,51.09779393548233,0 16.88562949803702,51.09770781308798,0 16.88574196539321,51.09778479893067,0 16.8858220925466,51.09781416474942,0 16.88589109505995,51.0978260552635,0 16.88595008479726,51.09782396541078,0 16.88599015811441,51.09780649623527,0 16.88689367436498,51.09732580312701,0 16.88773442320491,51.09723213397778,0 16.88774034930024,51.09726099271856,0 16.88724886724343,51.09731663589261,0 16.88714706368091,51.09733976095302,0 16.88692599058007,51.0974383694725,0 16.88700547227064,51.09750064667359,0 16.88608405202661,51.09797236536055,0 16.88607144110301,51.0979967176498,0 16.88611409446899,51.09801418565592,0 16.88617904905833,51.09802332590957,0 16.88622267727661,51.09802272215127,0 16.88631381353575,51.09801542659484,0 16.88638916937226,51.09800295546425,0 
					</coordinates>
				</LineString>
			</Placemark>
			<Placemark>
				<name>Road24</name>
				<styleUrl>#msn_ylw-pushpin275</styleUrl>
				<LineString>
					<tessellate>1</tessellate>
					<coordinates>
						16.885862668201,51.09827284945202,0 16.88589737484156,51.09824044920451,0 16.88592674481391,51.09820357875081,0 16.88594099101212,51.09816503042131,0 16.88594278245461,51.09812480452907,0 16.88593834071657,51.09810301486208,0 16.88592589104834,51.09808457641464,0 16.88589831499374,51.09807339921035,0 16.88583646690554,51.0980655700895,0 16.88571369680664,51.09805661619853,0 16.88567899911464,51.09805996417927,0 16.88558735222734,51.09809906176282,0 16.88555442877703,51.09811861210585,0 16.88554196696241,51.09813984103229,0 16.88554196038186,51.0981610714805,0 16.88554195345226,51.09818341932362,0 16.88555084346955,51.09820465085582,0 
					</coordinates>
				</LineString>
			</Placemark>
			<Placemark>
				<name>Road25</name>
				<styleUrl>#msn_ylw-pushpin275</styleUrl>
				<LineString>
					<tessellate>1</tessellate>
					<coordinates>
						16.89769445796082,51.09773133584478,0 16.89779689129817,51.09782685828398,0 16.8978993259378,51.09789963756835,0 16.89803176791305,51.09797371682058,0 16.89811129376787,51.09801911201011,0 16.89815061193729,51.09806004994025,0 16.89816302698067,51.0981068356699,0 16.89815474722233,51.09815881950875,0 16.89811853004113,51.09820040614914,0 16.89804531675508,51.09824216201159,0 16.89798012770828,51.0982623047662,0 16.89791493928748,51.09826620249859,0 16.89785906389207,51.09826035335733,0 16.89779491094647,51.09824735625892,0 16.89774317474105,51.0982363087556,0 16.89773903978717,51.09815053516341,0 16.89780215615702,51.09820122062974,0 16.89785906547936,51.0982239645887,0 16.89791183662809,51.0982298136684,0 16.89795012165428,51.09823241350094,0 16.89799875444026,51.09822461669146,0 16.89803910947509,51.09821357074479,0 16.89807222175854,51.09819212787929,0 16.89810636904454,51.09816288743277,0 16.8981156828164,51.09813169720977,0 16.8981208576429,51.09810050692465,0 16.89811671977893,51.09807256549879,0 16.89809395679362,51.09804462378774,0 16.89802877035383,51.09800693443211,0 16.89787848736376,51.09793675272382,0 16.89781537098431,51.09789256528203,0 16.89777915677271,51.09786592286212,0 16.89773362944534,51.09785292604434,0 16.89772017808134,51.0978516262,0 
					</coordinates>
				</LineString>
			</Placemark>
			<Placemark>
				<name>Road26</name>
				<styleUrl>#msn_ylw-pushpin275</styleUrl>
				<LineString>
					<tessellate>1</tessellate>
					<coordinates>
						16.89552184879593,51.09653536616197,0 16.89549685318487,51.09656675653672,0 16.89545519517321,51.09660412555177,0 16.89410949645171,51.09742865507541,0 16.89375638208498,51.09753381779021,0 16.8939387229824,51.09777113231437,0 16.89432553884115,51.09765156530179,0 16.89423510212319,51.09752749067803,0 16.89427081934208,51.09742285479066,0 16.8954977298541,51.09667450555658,0 16.89563817298087,51.09658930578497,0 
					</coordinates>
				</LineString>
			</Placemark>
			<Placemark>
				<name>Road27</name>
				<styleUrl>#msn_ylw-pushpin275</styleUrl>
				<LineString>
					<tessellate>1</tessellate>
					<coordinates>
						16.89583254101866,51.09622060726382,0 16.89562855355685,51.09574640552358,0 16.89600460171065,51.09567480079603,0 16.89631238038004,51.09560234164415,0 16.89643577056027,51.09558516388335,0 16.89655266391735,51.09558126237781,0 16.89666085185631,51.09558595123406,0 16.89676406539749,51.09559454471484,0 16.89687722621613,51.09562110075942,0 16.89696302824373,51.09566249453411,0 16.89707793769028,51.09573337221245,0 16.89724865838409,51.09585418703309,0 16.89680347432545,51.09602954272609,0 16.8967592622136,51.09597809044641,0 16.89706008690615,51.09586026916534,0 16.89708210825056,51.09583889756959,0 16.89708110866535,51.09581689683367,0 16.89707310283757,51.09579301015768,0 16.89705308620224,51.09576723741014,0 16.89696000563968,51.09570311873139,0 16.89688994422653,51.09566917297204,0 16.89683189152191,51.0956698000745,0 16.89678985256151,51.09568237081333,0 16.89675661389709,51.09570374211385,0 16.89665951325737,51.09588477397207,0 16.89655784513766,51.09588665692296,0 16.89648276270949,51.09607774673099,0 16.89644973156906,51.09608968903911,0 16.89651680656061,51.09590299914175,0 16.89644774925639,51.09582630895181,0 16.89653784318129,51.09566014261133,0 16.8965448525477,51.09561802713948,0 16.89643189601335,51.0956173952875,0 16.89631779165059,51.09563059231164,0 16.89622370460692,51.09565321873177,0 16.89618867067892,51.0956802470917,0 16.89618166263076,51.09570161900323,0 16.8962093167948,51.09571302952157,0 16.89627037120952,51.09572623185446,0 16.89640547657657,51.0959577867785,0 16.89636443817322,51.09597032926464,0 16.89634642057113,51.09598541492507,0 16.89635042236548,51.09600993012045,0 16.8963954584795,51.09607719078033,0 16.89634040688913,51.09609290393074,0 16.89628636352643,51.09601369973468,0 16.89625867179754,51.0959935839499,0 16.89623164750664,51.0959885543818,0 16.89618160149334,51.09599232437002,0 16.8961295530283,51.09600363737399,0 16.89600454773307,51.09579847189791,0 16.89597652441008,51.09577269870496,0 16.89577729039584,51.09581501819725,0 16.89574025490333,51.09583513183877,0 16.89589236136539,51.09620775565691,0 
					</coordinates>
				</LineString>
			</Placemark>
			<Placemark>
				<name>Road28</name>
				<styleUrl>#msn_ylw-pushpin275</styleUrl>
				<LineString>
					<tessellate>1</tessellate>
					<coordinates>
						16.90039796888645,51.10473232241231,0 16.90043239056741,51.10478066701041,0 16.90046500039305,51.1048079674141,0 16.90050395085797,51.10482559882361,0 16.90055286527055,51.10483640502273,0 16.90059815633782,51.1048415236025,0 16.9006443530735,51.10483697321231,0 16.90078656606265,51.1048000026661,0 16.90082370430239,51.10478293951228,0 16.90083729131934,51.10476985787543,0 16.90085540724718,51.10474767600698,0 16.90086627672546,51.10473175057578,0 16.90107770980338,51.1047306110518,0 16.90099536909663,51.10476142227115,0 16.90096819882712,51.10494056646463,0 16.90089845044628,51.10493601700718,0 16.90091113033598,51.1048643529001,0 16.90090931848959,51.10485525272737,0 16.90090207172316,51.10484615260373,0 16.90088214356044,51.10484046516049,0 16.90086221550695,51.10483989656976,0 16.90083051208977,51.10485297835694,0 16.90065949883942,51.10489423110497,0 16.90041317479022,51.10495395250531,0 
					</coordinates>
				</LineString>
			</Placemark>
			<Placemark>
				<name>Road29</name>
				<styleUrl>#msn_ylw-pushpin275</styleUrl>
				<LineString>
					<tessellate>1</tessellate>
					<coordinates>
						16.90137576634625,51.10472917578326,0 16.90140697741708,51.10474845222662,0 16.90142409354435,51.10476994547692,0 16.9014321489438,51.10480155341519,0 16.9014341638066,51.10483885087425,0 16.9014522872837,51.10487488378877,0 16.90148953975746,51.10490965211373,0 16.90153081900716,51.10493177715391,0 16.9016053223676,51.10495200520724,0 16.90167579829532,51.10496401519381,0 16.90208775474891,51.10501900612741,0 16.90211929491866,51.10477456210306,0 16.90215665136402,51.10475002516456,0 
					</coordinates>
				</LineString>
			</Placemark>
			<Placemark>
				<name>Road30</name>
				<styleUrl>#msn_ylw-pushpin275</styleUrl>
				<LineString>
					<tessellate>1</tessellate>
					<coordinates>
						16.90152346095377,51.10472743539096,0 16.90149109694302,51.1047606900999,0 16.90148619393342,51.1047834754926,0 16.90148815650537,51.10481303480554,0 16.90149992675826,51.10484382562382,0 16.90151660056312,51.10486599489293,0 16.90154013958849,51.10488446914188,0 16.90158329415616,51.10490786966244,0 16.90159996120187,51.10474775633284,0 16.90157249908719,51.10472743469094,0 
					</coordinates>
				</LineString>
			</Placemark>
			<Placemark>
				<name>Road31</name>
				<styleUrl>#msn_ylw-pushpin275</styleUrl>
				<LineString>
					<tessellate>1</tessellate>
					<coordinates>
						16.90699894758272,51.10395370865921,0 16.90701801518791,51.10398403090619,0 16.90794065801823,51.10397359713787,0 16.90794830312012,51.10408770843559,0 16.90749206271446,51.10408614297968,0 16.90744587429475,51.10410532875721,0 16.90741791999786,51.10413405798829,0 16.9073988630242,51.10417076648041,0 16.90736964506441,51.10424418288827,0 16.9073137371091,51.10430722721696,0 16.90724511670996,51.10434792875231,0 16.90701946257914,51.10442420456344,0 16.90618870385535,51.10469002383194,0 16.90614569398018,51.10469321809287,0 16.90605546154204,51.10469402091201,0 16.9053932289932,51.10470346373965,0 16.90539449319081,51.10464680672894,0 16.90549235171681,51.10465318588961,0 16.90609855990458,51.10464677132283,0 16.90615574902532,51.10464357633289,0 16.90619133264741,51.10463639258329,0 16.90622945747836,51.10462521874747,0 16.90718303758564,51.10431832439891,0 16.90723132646999,51.10429198789033,0 16.90726182319979,51.10426565247709,0 16.90729485776196,51.10421537734561,0 16.90731518541174,51.10417627478371,0 16.90731263791948,51.10414036562379,0 16.90730627964078,51.10411562848316,0 16.90728975605846,51.1041012658125,0 16.90725544074649,51.10408929821338,0 16.90700253919924,51.10409250595258,0 
					</coordinates>
				</LineString>
			</Placemark>
			<Placemark>
				<name>Road32</name>
				<styleUrl>#msn_ylw-pushpin2</styleUrl>
				<LineString>
					<tessellate>1</tessellate>
					<coordinates>
						16.88523823111572,51.1044519403378,0 16.88458453378277,51.10354165087283,0 16.88452762968101,51.10349108628,0 16.88445908430397,51.10346126714805,0 16.88437497233478,51.10344641412348,0 16.88473833269564,51.10333384167507,0 16.88467664404587,51.10340258559412,0 16.88466751608794,51.10344905283462,0 16.88468385335538,51.10350163517558,0 16.88533380402663,51.10441929936673,0 
					</coordinates>
				</LineString>
			</Placemark>
		</Folder>
		<Folder>
			<name>Stands</name>
			<Placemark>
				<name>1</name>
				<styleUrl>#m_ylw-pushpin70</styleUrl>
				<LineString>
					<tessellate>1</tessellate>
					<coordinates>
						16.87454788496459,51.10953388012744,0 16.87454590070639,51.10955407152882,0 16.87454846782673,51.10958804973011,0 16.87456059428503,51.10961763665746,0 16.87456711841039,51.10963130969692,0 16.87459210060704,51.10965662591453,0 16.87462191441866,51.1096801979615,0 16.87465643837169,51.10970162171266,0 16.87469400574632,51.10972058513831,0 16.87473794824055,51.10973736015241,0 16.87477030113305,51.10974781835501,0 16.8748057169625,51.10975385058019,0 16.87484326516239,51.10975139645532,0 16.87528134290146,51.11030051910349,0 
					</coordinates>
				</LineString>
			</Placemark>
			<Placemark>
				<name>1</name>
				<styleUrl>#m_ylw-pushpin70</styleUrl>
				<LineString>
					<tessellate>1</tessellate>
					<coordinates>
						16.87484219610607,51.10975202919778,0 16.87487133175016,51.10972907600985,0 16.87488907523491,51.1097052601863,0 16.87490202317649,51.10967287320188,0 16.87490565583036,51.10963966189371,0 16.87490388284253,51.10961091849609,0 16.87489270307831,51.10958330662998,0 16.87487147472364,51.10954833174754,0 16.87484264190235,51.1095203942686,0 16.87481261816169,51.10949569738365,0 16.8747933763644,51.10948490221056,0 16.87477196622422,51.10947602458122,0 
					</coordinates>
				</LineString>
			</Placemark>
			<Placemark>
				<name>2</name>
				<styleUrl>#m_ylw-pushpin70</styleUrl>
				<LineString>
					<tessellate>1</tessellate>
					<coordinates>
						16.87507248197964,51.1093872804252,0 16.87507860784334,51.10942442116918,0 16.8750870729583,51.10945358236922,0 16.87510419705288,51.10947684608154,0 16.87513369053304,51.10950687663294,0 16.87516361924231,51.10952760364057,0 16.87519852380623,51.10954764643067,0 16.87523727804653,51.10956465634657,0 16.87528351410933,51.10958025228902,0 16.875339955609,51.10958905274159,0 16.87539443512174,51.10958695350959,0 16.87582192362658,51.11015259959929,0 
					</coordinates>
				</LineString>
			</Placemark>
			<Placemark>
				<name>2</name>
				<styleUrl>#m_ylw-pushpin70</styleUrl>
				<LineString>
					<tessellate>1</tessellate>
					<coordinates>
						16.87539437237916,51.10958699963926,0 16.87541474619245,51.10956475452524,0 16.87542765617503,51.10953299242766,0 16.87543529801322,51.10950113319046,0 16.87543694842158,51.10946585311495,0 16.87542971549039,51.10943261613676,0 16.87541610432234,51.10940422708325,0 16.87539544322578,51.10937625973692,0 16.87537015996706,51.10935317270034,0 16.87534126150641,51.10933222588651,0 16.87530784401196,51.10931395434316,0 
					</coordinates>
				</LineString>
			</Placemark>
			<Placemark>
				<name>3</name>
				<styleUrl>#m_ylw-pushpin70</styleUrl>
				<LineString>
					<tessellate>1</tessellate>
					<coordinates>
						16.87560667470605,51.10922038957158,0 16.8756088836026,51.10925211772553,0 16.87561850819332,51.10928320975098,0 16.87563554854941,51.10931366563706,0 16.87566499665512,51.10934203169583,0 16.87570551419594,51.10937060183335,0 16.87575001054387,51.10939306239919,0 16.87579711127596,51.10941247950733,0 16.87585052316749,51.10942032656715,0 16.87590685089652,51.10942409387268,0 16.87635127402372,51.10998996266333,0 
					</coordinates>
				</LineString>
			</Placemark>
			<Placemark>
				<name>3</name>
				<styleUrl>#m_ylw-pushpin70</styleUrl>
				<LineString>
					<tessellate>1</tessellate>
					<coordinates>
						16.87583882364468,51.10914970381288,0 16.87586848923879,51.10916594167682,0 16.87589489779353,51.10918211947174,0 16.87591888000149,51.1092037102453,0 16.8759426390744,51.10923007238276,0 16.87596058725288,51.10926451395555,0 16.87596742368406,51.10930420838601,0 16.87596381412243,51.10934419016223,0 16.87595135398165,51.10937883880695,0 16.87593256213447,51.10940401311996,0 16.87590816782206,51.10942398669646,0 
					</coordinates>
				</LineString>
			</Placemark>
			<Placemark>
				<name>4</name>
				<styleUrl>#m_ylw-pushpin70</styleUrl>
				<LineString>
					<tessellate>1</tessellate>
					<coordinates>
						16.87614002688282,51.10905748938467,0 16.87614100051485,51.10908901053534,0 16.87614830344437,51.10911603813703,0 16.8761688056551,51.10914868763795,0 16.87619549361632,51.1091799144107,0 16.87623811367335,51.1092106664753,0 16.87628958044655,51.10923543462367,0 16.87632802743846,51.10925074231691,0 16.87638121963496,51.10926478503525,0 16.87641664445314,51.10926620632933,0 16.87644110012451,51.10926665707326,0 16.87687332662858,51.10982904124565,0 
					</coordinates>
				</LineString>
			</Placemark>
			<Placemark>
				<name>4</name>
				<styleUrl>#m_ylw-pushpin70</styleUrl>
				<LineString>
					<tessellate>1</tessellate>
					<coordinates>
						16.8763719518276,51.10898284811049,0 16.87640539991287,51.10900036879796,0 16.87643848905028,51.10902556656823,0 16.87646657938631,51.10905297729199,0 16.87648575135916,51.10908790732695,0 16.87649888121467,51.1091211892574,0 16.87650194168974,51.1091604325574,0 16.87649165922182,51.10919712482738,0 16.87647306851549,51.10922828538538,0 16.87645228347438,51.10925402690656,0 16.87644066815245,51.10926687512556,0 
					</coordinates>
				</LineString>
			</Placemark>
			<Placemark>
				<name>5</name>
				<styleUrl>#msn_ylw-pushpin1100</styleUrl>
				<LineString>
					<tessellate>1</tessellate>
					<coordinates>
						16.87667261083024,51.10889244420439,0 16.87667393941364,51.10891739589012,0 16.8766833706414,51.10894903113004,0 16.87669805023862,51.10898066740847,0 16.87672322825665,51.10900901061285,0 16.8767557549849,51.10903537816941,0 16.87679668048665,51.10905911125064,0 16.87684495637443,51.10907757353101,0 16.87689848262555,51.1090920826506,0 16.87694361508546,51.10909934079535,0 16.87697930243579,51.10910264291051,0 16.87739915678706,51.10965654338028,0 
					</coordinates>
				</LineString>
			</Placemark>
			<Placemark>
				<name>5</name>
				<styleUrl>#msn_ylw-pushpin1100</styleUrl>
				<LineString>
					<tessellate>1</tessellate>
					<coordinates>
						16.87690259636963,51.10882290767335,0 16.87693827544562,51.10884268555189,0 16.87696975420083,51.10886575773295,0 16.87699283558885,51.10888882825307,0 16.87700961893236,51.10891189753073,0 16.87702429842406,51.10894419278537,0 16.87702953050513,51.10897714521514,0 16.87702846389132,51.10901141447326,0 16.87701690082997,51.10904502265358,0 16.87699799199265,51.10907467523241,0 16.87697908342396,51.10910366878759,0 
					</coordinates>
				</LineString>
			</Placemark>
			<Placemark>
				<name>6</name>
				<styleUrl>#msn_ylw-pushpin1100</styleUrl>
				<LineString>
					<tessellate>1</tessellate>
					<coordinates>
						16.87719998420721,51.10873164707489,0 16.87720207064369,51.10875800862754,0 16.87720940251812,51.10879030244072,0 16.87722513336003,51.10881930273705,0 16.87725031099411,51.1088489638783,0 16.8772775908519,51.10887269415841,0 16.87731746711341,51.10889576782613,0 16.8773657417738,51.10891686600117,0 16.87740877259477,51.10892873675576,0 16.87745915239112,51.10893797278669,0 16.87751268409679,51.10894127814709,0 16.87792971056419,51.10949993110126,0 
					</coordinates>
				</LineString>
			</Placemark>
			<Placemark>
				<name>6</name>
				<styleUrl>#msn_ylw-pushpin1100</styleUrl>
				<LineString>
					<tessellate>1</tessellate>
					<coordinates>
						16.87742593268092,51.10866211693577,0 16.87745741442629,51.10867925771561,0 16.87749099329252,51.10870101207578,0 16.87751512515193,51.10872276462145,0 16.87753610514171,51.10875044780763,0 16.87754973682497,51.108779447644,0 16.87755707145732,51.10880646919368,0 16.87755810934733,51.10883085343241,0 16.8775559948458,51.10886229622967,0 16.877547584413,51.10888931478249,0 16.87753812683922,51.10891106091127,0 16.87752447344187,51.10892687498855,0 16.87751292031889,51.10894071238102,0 
					</coordinates>
				</LineString>
			</Placemark>
			<Placemark>
				<name>8</name>
				<styleUrl>#msn_ylw-pushpin1100</styleUrl>
				<LineString>
					<tessellate>1</tessellate>
					<coordinates>
						16.87825334225134,51.10840821792356,0 16.87825883641074,51.10843865301183,0 16.8782709389659,51.10847254772197,0 16.87828744953428,51.10850367650337,0 16.87831607855285,51.10853480751192,0 16.87835462394791,51.10856317359718,0 16.87841410218632,51.10858946845507,0 16.87846697459871,51.10860677019424,0 16.87851324018645,51.10861715387643,0 16.87856611840431,51.10862200528108,0 16.87905106188736,51.10925254183957,0 
					</coordinates>
				</LineString>
			</Placemark>
			<Placemark>
				<name>8</name>
				<styleUrl>#msn_ylw-pushpin1100</styleUrl>
				<LineString>
					<tessellate>1</tessellate>
					<coordinates>
						16.87856660835817,51.10862120534829,0 16.878580940057,51.10859976575502,0 16.87859527688978,51.10856725922141,0 16.87861071948385,51.10852576100979,0 16.87861073571744,51.1084904851576,0 16.87860524325703,51.10845589998383,0 16.87859203494135,51.1084303052958,0 16.87857111486326,51.10840470919221,0 16.87854799085607,51.10838049604503,0 16.87852045829036,51.1083604321848,0 16.87848052671963,51.1083389827627,0 
					</coordinates>
				</LineString>
			</Placemark>
			<Placemark>
				<name>9</name>
				<styleUrl>#msn_ylw-pushpin1100</styleUrl>
				<LineString>
					<tessellate>1</tessellate>
					<coordinates>
						16.87874357793714,51.10825955863527,0 16.87874576520473,51.10829483491501,0 16.87875235948493,51.10832942030503,0 16.87876886878046,51.10836400747267,0 16.87878758428067,51.10839236987463,0 16.87882061874372,51.10842695999359,0 16.87886246792242,51.10845878493856,0 16.87891313111602,51.10848922807321,0 16.87897371228216,51.10851344779458,0 16.8790365002537,51.10853005936266,0 16.87910039241789,51.10854113761754,0 16.87915767889519,51.1085425311067,0 16.87959112910943,51.10910043641024,0 
					</coordinates>
				</LineString>
			</Placemark>
			<Placemark>
				<name>9</name>
				<styleUrl>#msn_ylw-pushpin1100</styleUrl>
				<LineString>
					<tessellate>1</tessellate>
					<coordinates>
						16.87905541339386,51.10816347649358,0 16.87909506477927,51.1081828507408,0 16.87913141053916,51.10820360774012,0 16.87916555082997,51.1082292061142,0 16.87919638303406,51.10826172072355,0 16.87921840066944,51.10829700049049,0 16.87923160591223,51.10833020362897,0 16.87923599437575,51.10837101371268,0 16.87923487664824,51.10840698104602,0 16.87922935316061,51.10844087254617,0 16.87921501812429,51.10847061239464,0 16.87919407237683,51.10850173444561,0 16.87917423108782,51.10852663154044,0 16.87915743267468,51.10854303349509,0 
					</coordinates>
				</LineString>
			</Placemark>
			<Placemark>
				<name>10</name>
				<styleUrl>#msn_ylw-pushpin1100</styleUrl>
				<LineString>
					<tessellate>1</tessellate>
					<coordinates>
						16.87932095067169,51.10808264465837,0 16.87932321294773,51.10811840287811,0 16.87933231209227,51.10814844103108,0 16.87935279954047,51.1081834872627,0 16.87937784729696,51.10820923725775,0 16.87941542499501,51.10823427426596,0 16.87946211612537,51.10825716737899,0 16.87951336537402,51.1082757703248,0 16.87956461715556,51.10828865200359,0 16.87962042891249,51.10829295257973,0 16.88008168194568,51.10888566398636,0 
					</coordinates>
				</LineString>
			</Placemark>
			<Placemark>
				<name>10</name>
				<styleUrl>#msn_ylw-pushpin1100</styleUrl>
				<LineString>
					<tessellate>1</tessellate>
					<coordinates>
						16.87955176253441,51.10801219529922,0 16.87958592616367,51.10803008013135,0 16.87962122573052,51.10805511669474,0 16.87964855103882,51.10808229733328,0 16.87967017766677,51.10811734367745,0 16.87967927446137,51.1081531030085,0 16.87968153852021,51.10818528538202,0 16.87967354922596,51.1082217569218,0 16.87966214805859,51.10824607023857,0 16.87964277161998,51.10827467311725,0 16.87962226019464,51.10829397878056,0 
					</coordinates>
				</LineString>
			</Placemark>
			<Placemark>
				<name>11</name>
				<styleUrl>#msn_ylw-pushpin1100</styleUrl>
				<LineString>
					<tessellate>1</tessellate>
					<coordinates>
						16.87981272865398,51.10793286406287,0 16.87981271437544,51.10796588644211,0 16.87982190432584,51.1079989103788,0 16.87983372546875,51.10802863253353,0 16.87985606579124,51.10805835647851,0 16.87988837020874,51.10809398809988,0 16.87992705164238,51.10812565155471,0 16.87996925372431,51.10815068972411,0 16.88002083769544,51.10817278463255,0 16.88007828614872,51.1081911994768,0 16.88013573713578,51.10820372464863,0 16.88018263714446,51.10821109458334,0 16.88022602097567,51.10821478288418,0 16.88064783212694,51.10877448502929,0 
					</coordinates>
				</LineString>
			</Placemark>
			<Placemark>
				<name>11</name>
				<styleUrl>#msn_ylw-pushpin1100</styleUrl>
				<LineString>
					<tessellate>1</tessellate>
					<coordinates>
						16.88013222485981,51.10783489304681,0 16.88017560059298,51.10785698656802,0 16.88020959546158,51.10787981465621,0 16.88024358754087,51.1079092686025,0 16.88027054297408,51.10794166615288,0 16.88028811971866,51.10796964489705,0 16.88030100493901,51.10800056765758,0 16.88030450677531,51.10803811469751,0 16.88030449057785,51.10807639735116,0 16.88029157574116,51.10811541405728,0 16.88026927934949,51.10815652905281,0 16.88024698726699,51.10818744593442,0 16.8802270415367,51.10821541838855,0 
					</coordinates>
				</LineString>
			</Placemark>
			<Placemark>
				<name>12</name>
				<styleUrl>#msn_ylw-pushpin1100</styleUrl>
				<LineString>
					<tessellate>1</tessellate>
					<coordinates>
						16.8803870089223,51.10775689585034,0 16.88038817126003,51.1077811908271,0 16.88039402203439,51.1078099038259,0 16.88040808117075,51.10783788197409,0 16.88043034733234,51.10786807009361,0 16.88046668560219,51.10789531571167,0 16.88051592254226,51.10792182723445,0 16.88056281741171,51.10794097629358,0 16.88061675021521,51.10795423684445,0 16.8806557643188,51.10796063649057,0 16.88069094183903,51.10795990604511,0 16.88118297347899,51.10861371696274,0 
					</coordinates>
				</LineString>
			</Placemark>
			<Placemark>
				<name>12</name>
				<styleUrl>#msn_ylw-pushpin1100</styleUrl>
				<LineString>
					<tessellate>1</tessellate>
					<coordinates>
						16.88061658341206,51.10768589983566,0 16.88065371063701,51.10770621335038,0 16.88068005657171,51.10772652508911,0 16.88070041352349,51.1077453315866,0 16.88071837244736,51.10776940256248,0 16.88073393427818,51.10779648164898,0 16.88073991210786,51.10782506341434,0 16.88074349155851,51.10785966179659,0 16.88073748947108,51.10788974586408,0 16.88072070443646,51.10792358880543,0 16.88070272611719,51.10794614966386,0 16.8806907408605,51.10796043811261,0 
					</coordinates>
				</LineString>
			</Placemark>
			<Placemark>
				<name>13</name>
				<styleUrl>#msn_ylw-pushpin1100</styleUrl>
				<LineString>
					<tessellate>1</tessellate>
					<coordinates>
						16.88091343604022,51.10759594020384,0 16.88091582052127,51.10762376927976,0 16.88092299668188,51.10765159913632,0 16.88093616248548,51.10767942994427,0 16.88095531883427,51.10770500533803,0 16.88098645412308,51.10773133478136,0 16.88102238299046,51.10775315222122,0 16.88106190594501,51.10777421809684,0 16.88110622155763,51.10779302834333,0 16.88115714214877,51.10780341677849,0 16.88121464233902,51.10780417804945,0 16.88171005972048,51.10845373941908,0 
					</coordinates>
				</LineString>
			</Placemark>
			<Placemark>
				<name>13</name>
				<styleUrl>#msn_ylw-pushpin1100</styleUrl>
				<LineString>
					<tessellate>1</tessellate>
					<coordinates>
						16.88114647368212,51.1075243761645,0 16.88117880995079,51.10754318450533,0 16.88120994591181,51.10756800965991,0 16.88123030177409,51.10758982457018,0 16.88125424752129,51.10762141768465,0 16.88126741164938,51.10765376120428,0 16.88127099182212,51.10768760744591,0 16.88126618710196,51.10771994810271,0 16.88125539247742,51.10775303993668,0 16.88123261822528,51.1077868819987,0 16.8812122461735,51.10780492979377,0 
					</coordinates>
				</LineString>
			</Placemark>
			<Placemark>
				<name>14</name>
				<styleUrl>#msn_ylw-pushpin1100</styleUrl>
				<LineString>
					<tessellate>1</tessellate>
					<coordinates>
						16.88144185073953,51.10743280383311,0 16.88144742587005,51.10747352737733,0 16.88145636080484,51.10750161336756,0 16.88147312338095,51.10753040269987,0 16.88149212440928,51.10755427757507,0 16.88152789892831,51.10757955929448,0 16.88156814680564,51.10760413958331,0 16.88161510680761,51.10762240186489,0 16.88166207358967,51.10763329133511,0 16.88170121074873,51.10763891431822,0 16.88173923188766,51.1076389201995,0 16.88220481090348,51.1082427441911,0 
					</coordinates>
				</LineString>
			</Placemark>
			<Placemark>
				<name>14</name>
				<styleUrl>#msn_ylw-pushpin1100</styleUrl>
				<LineString>
					<tessellate>1</tessellate>
					<coordinates>
						16.88167112551808,51.10736438294289,0 16.88170019428745,51.1073798339856,0 16.88173596906003,51.10740441354487,0 16.88176503288334,51.10743250262081,0 16.88178403100883,51.10746410069672,0 16.88179743726508,51.10749710212945,0 16.8817985437331,51.10752729320648,0 16.88179293813809,51.1075638022777,0 16.88178062483077,51.1075953955191,0 16.88175936703653,51.10762277469875,0 16.88173811359556,51.10763892005886,0 
					</coordinates>
				</LineString>
			</Placemark>
			<Placemark>
				<name>15</name>
				<styleUrl>#msn_ylw-pushpin660</styleUrl>
				<LineString>
					<tessellate>1</tessellate>
					<coordinates>
						16.8815391548874,51.10740368073552,0 16.88153802332433,51.10743738207884,0 16.88154918819204,51.10748231917947,0 16.88156371345438,51.10751321449892,0 16.88159500826678,51.10755534625819,0 16.88162966178076,51.1075876489193,0 16.88166767154965,51.10761644151268,0 16.88173638723978,51.10764151954859,0 16.88179117330419,51.10766469777353,0 16.88186385367145,51.10768296391863,0 16.88191864582039,51.10769069556543,0 16.88194548399791,51.1076914017792,0 16.88237319256554,51.10825155958495,0 
					</coordinates>
				</LineString>
			</Placemark>
			<Placemark>
				<name>15</name>
				<styleUrl>#msn_ylw-pushpin1100</styleUrl>
				<LineString>
					<tessellate>1</tessellate>
					<coordinates>
						16.8818511274452,51.10730866020941,0 16.88189473117691,51.10733043247188,0 16.88192603485757,51.10735009648344,0 16.88196068900061,51.10738099482862,0 16.88198527908124,51.1074111894949,0 16.88200763238033,51.10744208592415,0 16.88201992132723,51.10747298081621,0 16.88202661601408,51.10751161402796,0 16.88202436701519,51.10754391093215,0 16.88201876105718,51.10758182423994,0 16.88200420919118,51.10761903407556,0 16.88198294798774,51.10765554078022,0 16.88196169134432,51.10768011154605,0 16.88194603094616,51.10769204510137,0 
					</coordinates>
				</LineString>
			</Placemark>
			<Placemark>
				<name>16</name>
				<styleUrl>#msn_ylw-pushpin1100</styleUrl>
				<LineString>
					<tessellate>1</tessellate>
					<coordinates>
						16.88197430995755,51.10727144686589,0 16.88197430019334,51.10729672299723,0 16.88197988037026,51.10732551055679,0 16.88199440695132,51.10735359736254,0 16.88202123168715,51.10738870717915,0 16.88206035953062,51.10741820193378,0 16.8820994901586,51.10744067552984,0 16.88215203964628,51.10746385324703,0 16.88220312791452,51.10747746654424,0 16.88224338303471,51.10748379163375,0 16.88228475721959,51.10748801053138,0 16.88273640514135,51.10808116677649,0 
					</coordinates>
				</LineString>
			</Placemark>
			<Placemark>
				<name>16</name>
				<styleUrl>#msn_ylw-pushpin1100</styleUrl>
				<LineString>
					<tessellate>1</tessellate>
					<coordinates>
						16.88220619638901,51.10720088934712,0 16.88224644544128,51.10722266097684,0 16.88227774704866,51.10724794180441,0 16.88230680953612,51.10728024342898,0 16.88232021824932,51.107307627893,0 16.88233250447068,51.10734624601371,0 16.88233360674188,51.10738837303318,0 16.88231905136897,51.10743566750489,0 16.88230002969072,51.10746515346306,0 16.882284365139,51.10748832089987,0 
					</coordinates>
				</LineString>
			</Placemark>
			<Placemark>
				<name>17</name>
				<styleUrl>#msn_ylw-pushpin1100</styleUrl>
				<LineString>
					<tessellate>1</tessellate>
					<coordinates>
						16.88231407044548,51.10716677973052,0 16.88231405904845,51.10719697070854,0 16.88232298977143,51.10723769473626,0 16.8823431027639,51.10727912253502,0 16.88236992779708,51.10731423229675,0 16.88240346371255,51.10734583245451,0 16.88245153652134,51.10737883898902,0 16.88250632051954,51.10740763379785,0 16.88256669877941,51.1074287061444,0 16.88262260662828,51.10744275665838,0 16.88268410790065,51.10745119105223,0 16.88272660132435,51.10745260149747,0 16.88315371240064,51.1080243470017,0 
					</coordinates>
				</LineString>
			</Placemark>
			<Placemark>
				<name>17</name>
				<styleUrl>#msn_ylw-pushpin1100</styleUrl>
				<LineString>
					<tessellate>1</tessellate>
					<coordinates>
						16.88262886713785,51.10707072904949,0 16.88266576143313,51.1070925000163,0 16.88270600867423,51.10711918625984,0 16.8827361913891,51.10714657312892,0 16.88276637154787,51.10718098112011,0 16.88278425143168,51.10721398308225,0 16.88279765702476,51.1072504949604,0 16.88280087361853,51.10729375754864,0 16.8827997392903,51.10733728845791,0 16.88278406912172,51.10737660456585,0 16.88275945307759,51.10741521725624,0 16.88274155176284,51.10743978865036,0 16.88272812740268,51.1074538289805,0 
					</coordinates>
				</LineString>
			</Placemark>
			<Placemark>
				<name>18</name>
				<styleUrl>#msn_ylw-pushpin1100</styleUrl>
				<LineString>
					<tessellate>1</tessellate>
					<coordinates>
						16.88249342046743,51.10711159353515,0 16.88249676390626,51.10714178496833,0 16.88250234418062,51.10717127461804,0 16.88251687124157,51.10719865924416,0 16.8825403438892,51.10722744941403,0 16.88256829197406,51.10724992120389,0 16.88260965655996,51.10727941610071,0 16.88265438013411,51.10729767763739,0 16.88271699644072,51.10731453754744,0 16.88276341549501,51.10732147521341,0 16.88280255511811,51.10732007668451,0 16.88325890619434,51.10793298525501,0 
					</coordinates>
				</LineString>
			</Placemark>
			<Placemark>
				<name>18</name>
				<styleUrl>#msn_ylw-pushpin812</styleUrl>
				<LineString>
					<tessellate>1</tessellate>
					<coordinates>
						16.88272214328248,51.10704202756633,0 16.88275568392752,51.10706098958525,0 16.88279257674616,51.10708697323885,0 16.88281828601779,51.10711576369101,0 16.8828439906611,51.10715719217822,0 16.88285068857519,51.10718878829815,0 16.88284843761575,51.10722810636359,0 16.88284171589701,51.10726110475278,0 16.88282716508004,51.10729761257753,0 16.88280255481089,51.10732077876911,0 
					</coordinates>
				</LineString>
			</Placemark>
			<Placemark>
				<name>21</name>
				<styleUrl>#lineStyle15</styleUrl>
				<LineString>
					<coordinates>
						16.8744909791142,51.10798355412415,0 16.87545732093043,51.10926758657684,0 
					</coordinates>
				</LineString>
			</Placemark>
			<Placemark>
				<name>22</name>
				<styleUrl>#lineStyle180</styleUrl>
				<LineString>
					<coordinates>
						16.87508484483164,51.10779909337534,0 16.87602935273521,51.10908748316751,0 
					</coordinates>
				</LineString>
			</Placemark>
			<Placemark>
				<name>23</name>
				<styleUrl>#lineStyle190</styleUrl>
				<LineString>
					<coordinates>
						16.87577139546342,51.1075884614898,0 16.87670834508243,51.10887738827996,0 
					</coordinates>
				</LineString>
			</Placemark>
			<Placemark>
				<name>24</name>
				<styleUrl>#lineStyle13</styleUrl>
				<LineString>
					<coordinates>
						16.87634366191459,51.10740761804971,0 16.87728842093933,51.10869564376902,0 
					</coordinates>
				</LineString>
			</Placemark>
			<Placemark>
				<name>25</name>
				<styleUrl>#lineStyle113</styleUrl>
				<LineString>
					<tessellate>1</tessellate>
					<coordinates>
						16.8771534508755,51.10715677721441,0 16.87808083812352,51.10845736991954,0 
					</coordinates>
				</LineString>
			</Placemark>
			<Placemark>
				<name>26</name>
				<styleUrl>#lineStyle115</styleUrl>
				<LineString>
					<tessellate>1</tessellate>
					<coordinates>
						16.8777390929458,51.10697047442279,0 16.87866545240934,51.10828064438967,0 
					</coordinates>
				</LineString>
			</Placemark>
			<Placemark>
				<name>27</name>
				<styleUrl>#lineStyle18</styleUrl>
				<LineString>
					<tessellate>1</tessellate>
					<coordinates>
						16.8784223612431,51.10676187803773,0 16.87935065584059,51.10806889428375,0 
					</coordinates>
				</LineString>
			</Placemark>
			<Placemark>
				<name>28</name>
				<styleUrl>#lineStyle1</styleUrl>
				<LineString>
					<tessellate>1</tessellate>
					<coordinates>
						16.87899862369386,51.10657893859948,0 16.87993219048981,51.10789506525767,0 
					</coordinates>
				</LineString>
			</Placemark>
			<Placemark>
				<name>29</name>
				<styleUrl>#lineStyle114</styleUrl>
				<LineString>
					<tessellate>1</tessellate>
					<coordinates>
						16.8796783685234,51.10637116121988,0 16.88062097831798,51.10768448541339,0 
					</coordinates>
				</LineString>
			</Placemark>
			<Placemark>
				<name>210</name>
				<styleUrl>#lineStyle17</styleUrl>
				<LineString>
					<tessellate>1</tessellate>
					<coordinates>
						16.88027004601556,51.10618764951217,0 16.88119223366263,51.10751023960739,0 
					</coordinates>
				</LineString>
			</Placemark>
			<Placemark>
				<name>211</name>
				<styleUrl>#lineStyle10</styleUrl>
				<LineString>
					<tessellate>1</tessellate>
					<coordinates>
						16.88093389216104,51.10598738981636,0 16.8818720085847,51.1073024392356,0 
					</coordinates>
				</LineString>
			</Placemark>
			<Placemark>
				<name>212</name>
				<styleUrl>#lineStyle111</styleUrl>
				<LineString>
					<tessellate>1</tessellate>
					<coordinates>
						16.88150828262959,51.10580164685668,0 16.88245906463731,51.10711983451433,0 
					</coordinates>
				</LineString>
			</Placemark>
			<Placemark>
				<name>213</name>
				<styleUrl>#lineStyle11</styleUrl>
				<LineString>
					<tessellate>1</tessellate>
					<coordinates>
						16.88282193107571,51.10540182434682,0 16.88378587179825,51.10671675961665,0 
					</coordinates>
				</LineString>
			</Placemark>
			<Placemark>
				<name>214</name>
				<styleUrl>#lineStyle19</styleUrl>
				<LineString>
					<tessellate>1</tessellate>
					<coordinates>
						16.88341140080999,51.10521526246812,0 16.88435050676993,51.10654680936597,0 
					</coordinates>
				</LineString>
			</Placemark>
			<Placemark>
				<name>215</name>
				<styleUrl>#lineStyle14</styleUrl>
				<LineString>
					<tessellate>1</tessellate>
					<coordinates>
						16.88168116365292,51.10575461467413,0 16.88185525427676,51.10571058732035,0 16.88199092995351,51.10568687582325,0 16.88213365699502,51.10568099588889,0 16.88227460722464,51.10569534787147,0 16.88249601787208,51.10575036725104,0 16.88269976917006,51.10581018661519,0 16.8830197597822,51.10587132425528,0 16.88349066333505,51.10597705893263,0 16.88415115015713,51.10612056485568,0 16.88431512487897,51.10614520293785,0 16.88443771026123,51.10614802385118,0 16.88455509678641,51.1061357725529,0 16.88464838985558,51.10610376790125,0 16.88472218174169,51.10607382615008,0 16.88479141995315,51.10602206283168,0 16.88485993057587,51.10595402629136,0 16.8849100395464,51.10587452066174,0 16.88491906285964,51.10579630127877,0 16.88491660858877,51.10570143659963,0 16.88488033590991,51.10561242157031,0 
					</coordinates>
				</LineString>
			</Placemark>
			<Placemark>
				<name>215</name>
				<styleUrl>#lineStyle110</styleUrl>
				<LineString>
					<tessellate>1</tessellate>
					<coordinates>
						16.88337358380295,51.10522883392465,0 16.88314990831272,51.10532254639551,0 16.88305233574949,51.1053786893158,0 16.88297683482046,51.10542883281545,0 16.88291088882142,51.10549283480277,0 16.88285950444062,51.10556275181265,0 16.88285239739234,51.10564367163558,0 16.88288624222927,51.10572329386232,0 16.88292960784175,51.10579379321403,0 16.88298358041478,51.10584166070133,0 16.88308493124926,51.10588981596749,0 
					</coordinates>
				</LineString>
			</Placemark>
			<Placemark>
				<name>31</name>
				<styleUrl>#msn_ylw-pushpin514</styleUrl>
				<LineString>
					<tessellate>1</tessellate>
					<coordinates>
						16.87387804297993,51.10902777213737,0 16.87389088099177,51.10907210101463,0 16.87387804412865,51.10910702687475,0 16.87384381153287,51.10913254974174,0 16.87379460190882,51.10915807265688,0 16.87373041525147,51.10917956569152,0 16.87236621045622,51.10960367657255,0 16.87188363559283,51.10976106249121,0 16.87167963190728,51.10981714581392,0 16.87155420014487,51.10983496428467,0 16.87144533721114,51.1098394119634,0 16.87136487526889,51.10983346154318,0 16.87129151717535,51.10980968216083,0 16.87124419297829,51.10977847612063,0 
					</coordinates>
				</LineString>
			</Placemark>
			<Placemark>
				<name>31</name>
				<styleUrl>#msn_ylw-pushpin514</styleUrl>
				<LineString>
					<tessellate>1</tessellate>
					<coordinates>
						16.87398560057668,51.10916744592584,0 16.87395524719847,51.10915029493683,0 16.87392185871209,51.10914648374338,0 16.87386722310839,51.10914743686477,0 16.87379285808213,51.10915887132564,0 
					</coordinates>
				</LineString>
			</Placemark>
			<Placemark>
				<name>32</name>
				<styleUrl>#msn_ylw-pushpin660</styleUrl>
				<LineString>
					<tessellate>1</tessellate>
					<coordinates>
						16.87459932954984,51.10952816609676,0 16.87273196722281,51.11008100871449,0 16.87227084820348,51.11022242351137,0 16.87213256106269,51.110261649801,0 16.87204020058522,51.11028040138157,0 16.87194784187848,51.11029062591785,0 16.87186363474863,51.11028891332248,0 16.87179677436156,51.11027896333477,0 16.87173652174996,51.11026251020329,0 16.87167365192286,51.11023454326823,0 16.87162388263289,51.1101999982823,0 
					</coordinates>
				</LineString>
			</Placemark>
			<Placemark>
				<name>32</name>
				<styleUrl>#msn_ylw-pushpin660</styleUrl>
				<LineString>
					<tessellate>1</tessellate>
					<coordinates>
						16.87426092163997,51.10947043395628,0 16.87428416584097,51.10952096965071,0 16.87428952549911,51.10955915136856,0 16.87428057660926,51.1095928402225,0 16.87425374175842,51.10962203597688,0 16.87421081023562,51.1096433698007,0 
					</coordinates>
				</LineString>
			</Placemark>
			<Placemark>
				<name>33</name>
				<styleUrl>#lineStyle100</styleUrl>
				<LineString>
					<tessellate>1</tessellate>
					<coordinates>
						16.87418453774636,51.10940189421128,0 16.87380419046625,51.10949244502774,0 16.8725597932148,51.10987026033877,0 16.87214365576878,51.10998761394226,0 16.8720216986986,51.11001899277959,0 16.87190973823845,51.11003530920761,0 16.87178578210919,51.11004158377578,0 16.87167981999157,51.11003154082408,0 16.87157385810149,51.11001271134542,0 16.87146589772296,51.10997254324037,0 16.87137593132794,51.10992484406221,0 
					</coordinates>
				</LineString>
			</Placemark>
			<Placemark>
				<name>33</name>
				<styleUrl>#lineStyle21</styleUrl>
				<LineString>
					<tessellate>1</tessellate>
					<coordinates>
						16.87400857435266,51.10919424849377,0 16.87401812434793,51.10924340984197,0 16.87401566543674,51.10929297399353,0 16.87398700076558,51.10934584114034,0 16.87394937795524,51.10939308416885,0 16.87389563072939,51.10944370175042,0 16.87380605131266,51.10949206981982,0 
					</coordinates>
				</LineString>
			</Placemark>
			<Placemark>
				<name>44</name>
				<styleUrl>#msn_ylw-pushpin1100</styleUrl>
				<LineString>
					<tessellate>1</tessellate>
					<coordinates>
						16.88358390274279,51.09954243540948,0 16.88350611911945,51.09956521620222,0 16.88345075143013,51.09957152987747,0 16.88340344048769,51.09956773039502,0 16.88335915174591,51.09955760990502,0 16.883317885216,51.09954116840889,0 16.88328970506972,51.09952472874557,0 16.88292193961076,51.09923829066574,0 16.88293260196798,51.09921050593812,0 16.88295309784607,51.09918066438751,0 16.88298670271666,51.09915442664613,0 16.88304406874433,51.09913179423111,0 16.8831022507479,51.09911842399848,0 16.88315428937912,51.09911806662707,0 16.8832120487409,51.09912152699976,0 16.88325695978904,51.09913578118439,0 16.88329807226928,51.09915807297787,0 16.88332237387986,51.0991838332135,0 16.88334148776346,51.09921797156033,0 16.88334852540887,51.09924262607346,0 16.88334851524086,51.09927107244279,0 16.88333340594179,51.09929825239884,0 16.88353571340807,51.09945784733629,0 
					</coordinates>
				</LineString>
			</Placemark>
			<Placemark>
				<name>44</name>
				<styleUrl>#msn_ylw-pushpin1100</styleUrl>
				<LineString>
					<tessellate>1</tessellate>
					<coordinates>
						16.88327219562961,51.099703554299,0 16.8833029021194,51.09967386319699,0 16.88332448206005,51.09964625470438,0 16.88333113017935,51.09961499729648,0 16.88332948175399,51.09958478066871,0 16.88331621780118,51.09955716726533,0 16.88328968226742,51.09952330031376,0 
					</coordinates>
				</LineString>
			</Placemark>
			<Placemark>
				<name>45</name>
				<styleUrl>#msn_ylw-pushpin1100</styleUrl>
				<LineString>
					<tessellate>1</tessellate>
					<coordinates>
						16.88298034693082,51.09985510312551,0 16.88292966631781,51.09986830520341,0 16.88287325121371,51.09987490173599,0 16.88282448769956,51.09987489466187,0 16.88276903647315,51.09986047635019,0 16.88272697332862,51.09984065612631,0 16.88267631045542,51.09980582394915,0 16.88233970058119,51.09953729015383,0 16.88235118656038,51.09950486882223,0 16.88237031934507,51.09947845289138,0 16.88240666125867,51.09945564209582,0 16.88244586995119,51.09943703469445,0 16.88248794432609,51.09942563283946,0 16.88253384165419,51.09941843451413,0 16.88258929765234,51.09941844270569,0 16.88264570620309,51.09942805783717,0 16.88269159524646,51.09944307524557,0 16.88272409681585,51.09946229366466,0 16.8827479909367,51.09948751508044,0 16.88276041119416,51.0995133352411,0 16.8827623103583,51.09954876069249,0 16.88275560515365,51.09958178317972,0 16.88274029734147,51.09960759929091,0 16.88295771863215,51.09976065499538,0 
					</coordinates>
				</LineString>
			</Placemark>
			<Placemark>
				<name>45</name>
				<styleUrl>#msn_ylw-pushpin1100</styleUrl>
				<LineString>
					<tessellate>1</tessellate>
					<coordinates>
						16.88269309727546,51.10000558083282,0 16.8827182715525,51.09998188003098,0 16.88273673540485,51.09995712470814,0 16.88274765096684,51.09992868091468,0 16.88274849781665,51.09990708361299,0 16.88274263525212,51.09988179796471,0 16.88273257611288,51.09986283290141,0 16.88271580875354,51.099837018887,0 16.8826940057942,51.09981805208944,0 
					</coordinates>
				</LineString>
			</Placemark>
			<Placemark>
				<name>46</name>
				<styleUrl>#msn_ylw-pushpin1100</styleUrl>
				<LineString>
					<tessellate>1</tessellate>
					<coordinates>
						16.8824025848325,51.10015777286398,0 16.88235812087716,51.10017040862699,0 16.88231701531039,51.10017514337847,0 16.88226836146669,51.1001761896184,0 16.88222725950049,51.10017144254373,0 16.88219203091216,51.1001630089754,0 16.88215932071253,51.10014983487819,0 16.88212661274783,51.10013086633536,0 16.88176003474028,51.09984786331565,0 16.88176088451751,51.09981994481859,0 16.88177263969552,51.09979097447619,0 16.88179949264289,51.09976569382147,0 16.88183535859705,51.0997413399998,0 16.88188830427226,51.09972337857317,0 16.88194696917839,51.09971530125552,0 16.88199990675663,51.0997180047796,0 16.88204425832611,51.09972430088451,0 16.88209003789952,51.09973778501203,0 16.88212325735109,51.09975902308111,0 16.88215009253169,51.09977957104572,0 16.8821693767192,51.09980380522356,0 16.88217691385034,51.09983646588944,0 16.88217690458299,51.09986069714922,0 16.88216263187581,51.09989282774934,0 16.88237670401353,51.1000675083843,0 
					</coordinates>
				</LineString>
			</Placemark>
			<Placemark>
				<name>46</name>
				<styleUrl>#msn_ylw-pushpin1100</styleUrl>
				<LineString>
					<tessellate>1</tessellate>
					<coordinates>
						16.88212751363652,51.1001315294058,0 16.882147341378,51.10015177328748,0 16.8821613839847,51.1001714972893,0 16.88216881435754,51.10019225828067,0 16.88217046036717,51.10021042341717,0 16.88216714630029,51.10023170178376,0 16.88215969842899,51.10025661250476,0 16.88214646697743,51.10027685138211,0 16.88212745072674,51.10029553239274,0 16.8820985162757,51.10031524990131,0 
					</coordinates>
				</LineString>
			</Placemark>
			<Placemark>
				<name>47</name>
				<styleUrl>#msn_ylw-pushpin1100</styleUrl>
				<LineString>
					<tessellate>1</tessellate>
					<coordinates>
						16.88153869845964,51.10043257610933,0 16.88157835971162,51.1004580131718,0 16.88161719903794,51.10047203214543,0 16.88165769441411,51.10047826640664,0 16.88170893570912,51.10048035034133,0 16.88175356736075,51.10047672426751,0 16.88178745609233,51.10046946354328,0 16.8818337451278,51.10045441976341,0 
					</coordinates>
				</LineString>
			</Placemark>
			<Placemark>
				<name>47</name>
				<styleUrl>#m_ylw-pushpin70</styleUrl>
				<LineString>
					<tessellate>1</tessellate>
					<coordinates>
						16.88151998996213,51.10061771745055,0 16.88155280288978,51.10059026933514,0 16.88157785465613,51.10056020334217,0 16.8815871920093,51.10052902331073,0 16.88158467630999,51.1004984503394,0 16.88156922545477,51.10046351424771,0 16.88153026080061,51.1004256705544,0 16.88116885060876,51.10015267589995,0 16.8811793752904,51.10009936533466,0 16.88120166760791,51.10006949002432,0 16.8812310205848,51.10004727292914,0 16.8812659440331,51.10003292643086,0 16.88132625311117,51.10001913525879,0 16.88138124243384,51.10001609604622,0 16.881424694953,51.10002178123915,0 16.88146116401971,51.10003158837959,0 16.88149645694885,51.10004388388367,0 16.88153208462794,51.10006420661603,0 16.88155815823767,51.10008759793921,0 16.8815729171745,51.10011254734903,0 16.88158229814654,51.10014614591395,0 16.88158350975413,51.10016822523208,0 16.88156875057857,51.10019852607985,0 16.88177577382294,51.10035721464213,0 
					</coordinates>
				</LineString>
			</Placemark>
			<Placemark>
				<name>51</name>
				<styleUrl>#msn_ylw-pushpin150</styleUrl>
				<LineString>
					<tessellate>1</tessellate>
					<coordinates>
						16.90102244606414,51.1014477822394,0 16.90109567143299,51.10141634174979,0 16.90112861898571,51.10139410684507,0 16.9011603436596,51.10136727310441,0 16.9011823008273,51.10133584211977,0 16.90119449225729,51.10130364644544,0 16.90120057894234,51.10126838586718,0 16.90119812240333,51.10123619291516,0 16.90119078250854,51.10120246785378,0 16.90116391096513,51.10116644687654,0 16.90112849591758,51.10113272700007,0 16.90107965507841,51.10110207560214,0 16.90103325884019,51.10107832234223,0 16.90099579417226,51.10104846350891,0 16.90052739531157,51.10043620514259,0 16.90051595789741,51.10041150890672,0 16.90050251352088,51.10036265040631,0 16.90048773008057,51.10031800442604,0 16.90046892994406,51.10028683844392,0 16.90044208099459,51.10025651675648,0 16.90040181799406,51.1002287254916,0 16.90036290053634,51.10020767342275,0 16.90031191057695,51.10018915144812,0 16.90026763184491,51.10017652499796,0 16.90021799084506,51.10017063929542,0 16.90017103688324,51.10017149249453,0 16.90012006020394,51.10017571636983,0 
					</coordinates>
				</LineString>
			</Placemark>
			<Placemark>
				<name>52</name>
				<styleUrl>#msn_ylw-pushpin406</styleUrl>
				<LineString>
					<tessellate>1</tessellate>
					<coordinates>
						16.90237987531478,51.10103131975543,0 16.90242271427714,51.10101490533731,0 16.90246972751668,51.10098667778174,0 16.90250837797729,51.10095385819159,0 16.90253135592915,51.10092760408035,0 16.90254701357783,51.10089150782674,0 16.90255430917424,51.10085213203034,0 16.90254801783211,51.1008101339541,0 16.90253336809928,51.1007720749625,0 16.90250827089345,51.1007399241639,0 16.90247795046732,51.10071171182741,0 16.9024371815737,51.10068743896682,0 16.90240059486226,51.10066710269382,0 16.90237410934444,51.10065028724566,0 16.9018783400551,51.1000126804128,0 16.90187310628092,51.09999496294014,0 
					</coordinates>
				</LineString>
			</Placemark>
			<Placemark>
				<name>61</name>
				<styleUrl>#msn_ylw-pushpin406</styleUrl>
				<LineString>
					<tessellate>1</tessellate>
					<coordinates>
						16.90119522413888,51.1033681940614,0 16.90122635341216,51.10343193715739,0 16.90124093936071,51.1034733982449,0 16.90124969963378,51.10351668969309,0 16.90125457790553,51.10356489304941,0 16.90125265650327,51.1036087962508,0 16.90124102815635,51.10366110907707,0 16.90122265576276,51.10370873144517,0 16.90119892189617,51.10375790982629,0 16.90116786730195,51.10380120867983,0 16.90058275150969,51.10456505973315,0 
					</coordinates>
				</LineString>
			</Placemark>
			<Placemark>
				<name>62</name>
				<styleUrl>#msn_ylw-pushpin406</styleUrl>
				<LineString>
					<tessellate>1</tessellate>
					<coordinates>
						16.90152907086189,51.10380751638333,0 16.90155920087202,51.10386177947476,0 16.9015737872291,51.10390324050233,0 16.90158740309226,51.10394592123779,0 16.90159422091592,51.1039878128676,0 16.90159230070499,51.10403354534993,0 16.90158455123748,51.10407379108177,0 16.90157291844913,51.1041163181978,0 16.90155933970984,51.10415107717788,0 16.90154187828597,51.1041894954624,0 16.90152441302977,51.1042199868514,0 16.90125100283207,51.10457697738278,0 
					</coordinates>
				</LineString>
			</Placemark>
			<Placemark>
				<name>63</name>
				<styleUrl>#msn_ylw-pushpin406</styleUrl>
				<LineString>
					<tessellate>1</tessellate>
					<coordinates>
						16.90281171180295,51.10403056287924,0 16.90282787927691,51.10405704482174,0 16.90283507001212,51.10407902043082,0 16.90283687949944,51.10410775929047,0 16.90283150711218,51.10413199146374,0 16.90281626564299,51.10416186074912,0 16.90278935616955,51.10418947830563,0 16.9027534693139,51.1042114625096,0 16.90271757814894,51.10422499399694,0 16.90269873709728,51.10423570451126,0 16.90269994208839,51.10454513632721,0 16.90266405178829,51.10456092185921,0 16.90262815804584,51.10456994520952,0 16.90259944085068,51.10457276847845,0 16.9025563617631,51.10457052295181,0 16.90251956432642,51.10456714914308,0 16.90247725300214,51.10455814124423,0 16.90244493950907,51.10454800435535,0 16.90241172546826,51.10453166898573,0 16.90237915918572,51.10450958000519,0 16.90235755350214,51.10448698558864,0 16.90234828879944,51.1044669714522,0 16.90233798840164,51.1044321069723,0 16.90234311579923,51.10440369622814,0 16.90234824867108,51.10438626197056,0 16.90230182533432,51.10436501703251,0 
					</coordinates>
				</LineString>
			</Placemark>
			<Placemark>
				<name>64</name>
				<styleUrl>#msn_ylw-pushpin406</styleUrl>
				<LineString>
					<tessellate>1</tessellate>
					<coordinates>
						16.90358625363194,51.10402267811099,0 16.90360033074502,51.10404373662638,0 16.90360899712407,51.10406343745835,0 16.90361225490102,51.10408585700606,0 16.90361010549079,51.10411371287576,0 16.90359821942788,51.10414428835993,0 16.90358200353107,51.10417146773375,0 16.90355171970816,51.10419525300563,0 16.90351386035971,51.10421632223552,0 16.90348897943792,51.10422651836726,0 16.90346842547985,51.10423467540725,0 16.90347076019027,51.10456208458682,0 16.90341774410363,51.1045675306809,0 16.90336797192851,51.10456889969279,0 16.9033149512348,51.10456551353338,0 16.90326893265027,51.10455852627986,0 16.90322526076708,51.10454482657326,0 16.9031832648016,51.1045242722166,0 16.90315554117566,51.10449844242618,0 16.90312748941898,51.10446422405143,0 16.90311674205429,51.10442931612896,0 16.90311575155061,51.10439991835015,0 16.90312061660043,51.10437664396574,0 16.90307573621227,51.1043533796439,0 
					</coordinates>
				</LineString>
			</Placemark>
			<Placemark>
				<name>65</name>
				<styleUrl>#msn_ylw-pushpin0020</styleUrl>
				<LineString>
					<tessellate>1</tessellate>
					<coordinates>
						16.90436260190303,51.10401363705419,0 16.90438128616745,51.1040394242271,0 16.90438876868064,51.10406599533042,0 16.90438878348404,51.10409334957799,0 16.90438381783201,51.10411757868647,0 16.90437262829789,51.10414102757296,0 16.90434650498581,51.10416916894781,0 16.90432286764271,51.10419105738635,0 16.90428802677748,51.10421060356061,0 16.90425567021215,51.10422077059343,0 16.90424447006177,51.10422468071595,0 16.90424536530914,51.10455766377077,0 16.90419306017609,51.10456047004322,0 16.90414297858574,51.10455908305407,0 16.90409846039319,51.10455559847757,0 16.90404948721707,51.10454582566391,0 16.90400104973395,51.10452916302943,0 16.9039609765037,51.10451305701839,0 16.90392646380204,51.10448930520008,0 16.90390196543446,51.10446205728663,0 16.90388303271783,51.10443690459152,0 16.90387745266127,51.10440755633874,0 16.90388077509364,51.10437680864019,0 16.90388220725587,51.10435451135882,0 16.90385138867864,51.10434396194325,0 
					</coordinates>
				</LineString>
			</Placemark>
			<Placemark>
				<name>66</name>
				<styleUrl>#msn_ylw-pushpin406</styleUrl>
				<LineString>
					<tessellate>1</tessellate>
					<coordinates>
						16.90514628793892,51.10400283675392,0 16.90516052312291,51.10402516006222,0 16.90517238869919,51.10404897232317,0 16.90517358971342,51.10407725220945,0 16.90516767894019,51.10410478944475,0 16.90515347652978,51.10414125907289,0 16.90512622991382,51.1041658241353,0 16.90508713259815,51.1041933686519,0 16.90505158431078,51.10420900495222,0 16.90503262471227,51.10421645125111,0 16.90502887262087,51.10454248529523,0 16.90498184839993,51.10455256265431,0 16.90493802591206,51.10455391449516,0 16.90489527005055,51.10455123926262,0 16.9048535826685,51.10454789264605,0 16.90480975463068,51.10453917737015,0 16.90477340637929,51.10452643362513,0 16.90474453833903,51.10451033256139,0 16.90472101312847,51.10449154577745,0 16.90469921701132,51.10446757625532,0 16.90467982626525,51.10443609544209,0 16.9046763894046,51.10440318004532,0 16.90467637686135,51.10438028186428,0 16.9046797843209,51.10435952964955,0 16.9046330483605,51.10433807265679,0 
					</coordinates>
				</LineString>
			</Placemark>
			<Placemark>
				<name>67H</name>
				<styleUrl>#msn_ylw-pushpin406</styleUrl>
				<LineString>
					<tessellate>1</tessellate>
					<coordinates>
						16.90421632598012,51.10401606851825,0 16.90424553301233,51.10399181734724,0 16.9042684771533,51.1039649464578,0 16.90428203193705,51.10394331970645,0 16.90429453536693,51.1039072772749,0 16.90429764877244,51.1038751684586,0 16.90429241467686,51.10384502722179,0 16.90427361242535,51.10381161253088,0 16.90424542056992,51.10378278670538,0 16.90419635737933,51.10375396529096,0 16.90417026120968,51.10374099725353,0 16.90416806863884,51.10354441715215,0 
					</coordinates>
				</LineString>
			</Placemark>
			<Placemark>
				<name>68H</name>
				<styleUrl>#msn_ylw-pushpin406</styleUrl>
				<LineString>
					<tessellate>1</tessellate>
					<coordinates>
						16.90502755610216,51.10400341130078,0 16.90506122612635,51.10397665408588,0 16.90508696990527,51.10394927651306,0 16.90510379501026,51.10391816837389,0 16.90510972415038,51.10389079516482,0 16.9051136683548,51.10385720149969,0 16.90510869982182,51.1038304527719,0 16.90509184256605,51.10380370665286,0 16.90505715191036,51.10377634234528,0 16.90502048155581,51.10375208889774,0 16.90497192804366,51.10373779145742,0 16.90497082444103,51.10353396219271,0 
					</coordinates>
				</LineString>
			</Placemark>
			<Placemark>
				<name>69H</name>
				<styleUrl>#msn_ylw-pushpin406</styleUrl>
				<LineString>
					<tessellate>1</tessellate>
					<coordinates>
						16.90594405179224,51.10399554496912,0 16.90597755134389,51.10397139937138,0 16.90600415102517,51.10394725533903,0 16.90602384980367,51.10392125610539,0 16.90603960758252,51.10389835237918,0 16.90604353604471,51.10387359457506,0 16.9060425339365,51.1038451243549,0 16.90603463023486,51.10381356108319,0 16.90602081743542,51.10379066407415,0 16.90599517535966,51.10376591296868,0 16.90596066356679,51.10374363954755,0 16.90592911206068,51.10372693576457,0 16.90590446354408,51.10371580069955,0 16.90590435456395,51.10352582755466,0 
					</coordinates>
				</LineString>
			</Placemark>
			<Placemark>
				<name>610H</name>
				<styleUrl>#msn_ylw-pushpin406</styleUrl>
				<LineString>
					<tessellate>1</tessellate>
					<coordinates>
						16.90656793931918,51.10398969571499,0 16.90660052196322,51.10396808417227,0 16.90662223980211,51.10394704368635,0 16.90664666985447,51.10391918026394,0 16.90665571304027,51.10390041682644,0 16.906664751843,51.10387426256147,0 16.90666291918139,51.10383730884996,0 16.90665746817402,51.10380604123043,0 16.90663934261503,51.10377705065857,0 16.9066130686072,51.10374863048584,0 16.90658317762531,51.10372817051175,0 16.90655238256381,51.10370998481415,0 16.90652974135153,51.10370032512716,0 16.90653144355595,51.10351535699437,0 
					</coordinates>
				</LineString>
			</Placemark>
		</Folder>
		<Folder>
			<name>HP CATI</name>
			<Placemark>
				<name>A1</name>
				<styleUrl>#msn_ylw-pushpin223</styleUrl>
				<LineString>
					<tessellate>1</tessellate>
					<coordinates>
						16.89843491693588,51.10003230007761,0 16.89874001241294,51.09994127785942,0 
					</coordinates>
				</LineString>
			</Placemark>
			<Placemark>
				<name>C6</name>
				<styleUrl>#msn_ylw-pushpin1</styleUrl>
				<LineString>
					<tessellate>1</tessellate>
					<coordinates>
						16.86641295770297,51.10971837103347,0 16.86697420790459,51.10954294909022,0 
					</coordinates>
				</LineString>
			</Placemark>
			<Placemark>
				<name>D1</name>
				<styleUrl>#msn_ylw-pushpin12400</styleUrl>
				<LineString>
					<tessellate>1</tessellate>
					<coordinates>
						16.89629860426204,51.09708317218867,0 16.89702945650492,51.0968660016288,0 
					</coordinates>
				</LineString>
			</Placemark>
			<Placemark>
				<name>D4</name>
				<styleUrl>#msn_ylw-pushpin12400</styleUrl>
				<LineString>
					<tessellate>1</tessellate>
					<coordinates>
						16.87172523922814,51.10611907095069,0 16.87187542800812,51.10607231474496,0 
					</coordinates>
				</LineString>
			</Placemark>
			<Placemark>
				<name>G1</name>
				<styleUrl>#msn_ylw-pushpin223</styleUrl>
				<LineString>
					<tessellate>1</tessellate>
					<coordinates>
						16.89189518815829,51.10202167174447,0 16.89256925404367,51.10180096100352,0 
					</coordinates>
				</LineString>
			</Placemark>
			<Placemark>
				<name>J1</name>
				<styleUrl>#msn_ylw-pushpin223</styleUrl>
				<LineString>
					<tessellate>1</tessellate>
					<coordinates>
						16.87253049439062,51.10765901264192,0 16.87300916451683,51.10751155762861,0 
					</coordinates>
				</LineString>
			</Placemark>
		</Folder>
		<Folder>
			<name>HP CATII/III</name>
		</Folder>
		<Folder>
			<name>TaxiwayLabels</name>
			<Placemark>
				<name>A1</name>
				<LookAt>
					<longitude>16.89927524642733</longitude>
					<latitude>51.09978397015367</latitude>
					<altitude>0</altitude>
					<heading>0.005326810704683061</heading>
					<tilt>0</tilt>
					<range>186.0216672546184</range>
					<gx:altitudeMode>relativeToSeaFloor</gx:altitudeMode>
				</LookAt>
				<styleUrl>#m_ylw-pushpin07</styleUrl>
				<Point>
					<gx:drawOrder>1</gx:drawOrder>
					<coordinates>16.89835964063586,51.0997064214089,0</coordinates>
				</Point>
			</Placemark>
			<Placemark>
				<name>A2</name>
				<LookAt>
					<gx:TimeStamp><when>2024-05-04</when>
</gx:TimeStamp>
					<gx:ViewerOptions>
						<gx:option name="historicalimagery"></gx:option>
						<gx:option enabled="0" name="sunlight"></gx:option>
						<gx:option enabled="0" name="streetview"></gx:option>
					</gx:ViewerOptions>
					<longitude>16.89966463258584</longitude>
					<latitude>51.10121885181854</latitude>
					<altitude>0</altitude>
					<heading>-0.0001564299069856064</heading>
					<tilt>0</tilt>
					<range>99.38098574112196</range>
					<gx:altitudeMode>relativeToSeaFloor</gx:altitudeMode>
				</LookAt>
				<styleUrl>#m_ylw-pushpin11001</styleUrl>
				<Point>
					<gx:drawOrder>1</gx:drawOrder>
					<coordinates>16.89946969454324,51.10114409896735,0</coordinates>
				</Point>
			</Placemark>
			<Placemark>
				<name>A3</name>
				<LookAt>
					<gx:TimeStamp><when>2024-05-04</when>
</gx:TimeStamp>
					<gx:ViewerOptions>
						<gx:option name="historicalimagery"></gx:option>
						<gx:option enabled="0" name="sunlight"></gx:option>
						<gx:option enabled="0" name="streetview"></gx:option>
					</gx:ViewerOptions>
					<longitude>16.90096153023276</longitude>
					<latitude>51.10289728241722</latitude>
					<altitude>0</altitude>
					<heading>0.0008558961683868777</heading>
					<tilt>0</tilt>
					<range>143.1855130941181</range>
					<gx:altitudeMode>relativeToSeaFloor</gx:altitudeMode>
				</LookAt>
				<styleUrl>#m_ylw-pushpin11001</styleUrl>
				<Point>
					<gx:drawOrder>1</gx:drawOrder>
					<coordinates>16.90073008837084,51.10275289885174,0</coordinates>
				</Point>
			</Placemark>
			<Placemark>
				<name>A3</name>
				<LookAt>
					<gx:TimeStamp><when>2024-05-04</when>
</gx:TimeStamp>
					<gx:ViewerOptions>
						<gx:option name="historicalimagery"></gx:option>
						<gx:option enabled="0" name="sunlight"></gx:option>
						<gx:option enabled="0" name="streetview"></gx:option>
					</gx:ViewerOptions>
					<longitude>16.90352686815973</longitude>
					<latitude>51.10410972459274</latitude>
					<altitude>0</altitude>
					<heading>0.002851541238935384</heading>
					<tilt>0</tilt>
					<range>124.9707681629331</range>
					<gx:altitudeMode>relativeToSeaFloor</gx:altitudeMode>
				</LookAt>
				<styleUrl>#m_ylw-pushpin11001</styleUrl>
				<Point>
					<gx:drawOrder>1</gx:drawOrder>
					<coordinates>16.90328825011662,51.10402558290923,0</coordinates>
				</Point>
			</Placemark>
			<Placemark>
				<name>A4</name>
				<LookAt>
					<gx:TimeStamp><when>2024-05-04</when>
</gx:TimeStamp>
					<gx:ViewerOptions>
						<gx:option name="historicalimagery"></gx:option>
						<gx:option enabled="0" name="sunlight"></gx:option>
						<gx:option enabled="0" name="streetview"></gx:option>
					</gx:ViewerOptions>
					<longitude>16.90609319926977</longitude>
					<latitude>51.10404064726048</latitude>
					<altitude>0</altitude>
					<heading>0.004847956416732626</heading>
					<tilt>0</tilt>
					<range>90.91101246134791</range>
					<gx:altitudeMode>relativeToSeaFloor</gx:altitudeMode>
				</LookAt>
				<styleUrl>#m_ylw-pushpin11001</styleUrl>
				<Point>
					<gx:drawOrder>1</gx:drawOrder>
					<coordinates>16.90592436912268,51.10399556618314,0</coordinates>
				</Point>
			</Placemark>
			<Placemark>
				<name>B1</name>
				<LookAt>
					<gx:TimeStamp><when>2024-05-04</when>
</gx:TimeStamp>
					<gx:ViewerOptions>
						<gx:option name="historicalimagery"></gx:option>
						<gx:option enabled="0" name="sunlight"></gx:option>
						<gx:option enabled="0" name="streetview"></gx:option>
					</gx:ViewerOptions>
					<longitude>16.90164337286132</longitude>
					<latitude>51.10138411119062</latitude>
					<altitude>0</altitude>
					<heading>0.001384992981174869</heading>
					<tilt>0</tilt>
					<range>147.2027386954797</range>
					<gx:altitudeMode>relativeToSeaFloor</gx:altitudeMode>
				</LookAt>
				<styleUrl>#m_ylw-pushpin11001</styleUrl>
				<Point>
					<gx:drawOrder>1</gx:drawOrder>
					<coordinates>16.90139620674484,51.10133237952547,0</coordinates>
				</Point>
			</Placemark>
			<Placemark>
				<name>B2</name>
				<LookAt>
					<gx:TimeStamp><when>2024-05-04</when>
</gx:TimeStamp>
					<gx:ViewerOptions>
						<gx:option name="historicalimagery"></gx:option>
						<gx:option enabled="0" name="sunlight"></gx:option>
						<gx:option enabled="0" name="streetview"></gx:option>
					</gx:ViewerOptions>
					<longitude>16.8905293330122</longitude>
					<latitude>51.10471476584128</latitude>
					<altitude>0</altitude>
					<heading>-0.007265119206444563</heading>
					<tilt>0</tilt>
					<range>128.0262466995927</range>
					<gx:altitudeMode>relativeToSeaFloor</gx:altitudeMode>
				</LookAt>
				<styleUrl>#m_ylw-pushpin11001</styleUrl>
				<Point>
					<gx:drawOrder>1</gx:drawOrder>
					<coordinates>16.89032104677366,51.10472610307198,0</coordinates>
				</Point>
			</Placemark>
			<Placemark>
				<name>B4</name>
				<LookAt>
					<gx:TimeStamp><when>2024-05-04</when>
</gx:TimeStamp>
					<gx:ViewerOptions>
						<gx:option name="historicalimagery"></gx:option>
						<gx:option enabled="0" name="sunlight"></gx:option>
						<gx:option enabled="0" name="streetview"></gx:option>
					</gx:ViewerOptions>
					<longitude>16.87825227523114</longitude>
					<latitude>51.10861747306856</latitude>
					<altitude>0</altitude>
					<heading>-0.01681850737185337</heading>
					<tilt>0</tilt>
					<range>139.2566464530781</range>
					<gx:altitudeMode>relativeToSeaFloor</gx:altitudeMode>
				</LookAt>
				<styleUrl>#m_ylw-pushpin11001</styleUrl>
				<Point>
					<gx:drawOrder>1</gx:drawOrder>
					<coordinates>16.87793250172937,51.10850717878373,0</coordinates>
				</Point>
			</Placemark>
			<Placemark>
				<name>C1</name>
				<LookAt>
					<gx:TimeStamp><when>2024-05-04</when>
</gx:TimeStamp>
					<gx:ViewerOptions>
						<gx:option name="historicalimagery"></gx:option>
						<gx:option enabled="0" name="sunlight"></gx:option>
						<gx:option enabled="0" name="streetview"></gx:option>
					</gx:ViewerOptions>
					<longitude>16.90065266749292</longitude>
					<latitude>51.10007503208774</latitude>
					<altitude>0</altitude>
					<heading>0.0006132669181720481</heading>
					<tilt>0</tilt>
					<range>148.078088578026</range>
					<gx:altitudeMode>relativeToSeaFloor</gx:altitudeMode>
				</LookAt>
				<styleUrl>#m_ylw-pushpin11001</styleUrl>
				<Point>
					<gx:drawOrder>1</gx:drawOrder>
					<coordinates>16.90041488402879,51.10008427468955,0</coordinates>
				</Point>
			</Placemark>
			<Placemark>
				<name>C2</name>
				<LookAt>
					<longitude>16.89738032667951</longitude>
					<latitude>51.10126602705022</latitude>
					<altitude>0</altitude>
					<heading>0.01876798896307495</heading>
					<tilt>0</tilt>
					<range>389.6907577639979</range>
					<gx:altitudeMode>relativeToSeaFloor</gx:altitudeMode>
				</LookAt>
				<styleUrl>#m_ylw-pushpin07</styleUrl>
				<Point>
					<gx:drawOrder>1</gx:drawOrder>
					<coordinates>16.89642429688221,51.10120350029752,0</coordinates>
				</Point>
			</Placemark>
			<Placemark>
				<name>C3</name>
				<LookAt>
					<longitude>16.88980478548497</longitude>
					<latitude>51.10369135329054</latitude>
					<altitude>0</altitude>
					<heading>0.01287253157536343</heading>
					<tilt>0</tilt>
					<range>356.2775020662096</range>
					<gx:altitudeMode>relativeToSeaFloor</gx:altitudeMode>
				</LookAt>
				<styleUrl>#m_ylw-pushpin07</styleUrl>
				<Point>
					<gx:drawOrder>1</gx:drawOrder>
					<coordinates>16.88857285858973,51.10362481689798,0</coordinates>
				</Point>
			</Placemark>
			<Placemark>
				<name>C4</name>
				<LookAt>
					<longitude>16.88041817763078</longitude>
					<latitude>51.106903975996</latitude>
					<altitude>0</altitude>
					<heading>0.005567095283742329</heading>
					<tilt>0</tilt>
					<range>594.9725082731104</range>
					<gx:altitudeMode>relativeToSeaFloor</gx:altitudeMode>
				</LookAt>
				<styleUrl>#m_ylw-pushpin07</styleUrl>
				<Point>
					<gx:drawOrder>1</gx:drawOrder>
					<coordinates>16.87893968595447,51.10660114568564,0</coordinates>
				</Point>
			</Placemark>
			<Placemark>
				<name>C5</name>
				<LookAt>
					<longitude>16.87508536354439</longitude>
					<latitude>51.1089751079794</latitude>
					<altitude>0</altitude>
					<heading>0.001415560740132549</heading>
					<tilt>0</tilt>
					<range>651.704814781243</range>
					<gx:altitudeMode>relativeToSeaFloor</gx:altitudeMode>
				</LookAt>
				<styleUrl>#m_ylw-pushpin07</styleUrl>
				<Point>
					<gx:drawOrder>1</gx:drawOrder>
					<coordinates>16.87195204643904,51.1087589121477,0</coordinates>
				</Point>
			</Placemark>
			<Placemark>
				<name>C6</name>
				<LookAt>
					<longitude>16.86952767617714</longitude>
					<latitude>51.10948604369425</latitude>
					<altitude>0</altitude>
					<heading>24.99250732995136</heading>
					<tilt>11.1076555778419</tilt>
					<range>316.6579122265164</range>
					<gx:altitudeMode>relativeToSeaFloor</gx:altitudeMode>
				</LookAt>
				<styleUrl>#m_ylw-pushpin</styleUrl>
				<Point>
					<gx:drawOrder>1</gx:drawOrder>
					<coordinates>16.86863063982799,51.10975965158512,0</coordinates>
				</Point>
			</Placemark>
			<Placemark>
				<name>D1</name>
				<LookAt>
					<gx:TimeStamp><when>2024-05-04</when>
</gx:TimeStamp>
					<gx:ViewerOptions>
						<gx:option name="historicalimagery"></gx:option>
						<gx:option enabled="0" name="sunlight"></gx:option>
						<gx:option enabled="0" name="streetview"></gx:option>
					</gx:ViewerOptions>
					<longitude>16.89696424274531</longitude>
					<latitude>51.09763914758295</latitude>
					<altitude>0</altitude>
					<heading>-0.002258081795173602</heading>
					<tilt>0</tilt>
					<range>114.5009570375104</range>
					<gx:altitudeMode>relativeToSeaFloor</gx:altitudeMode>
				</LookAt>
				<styleUrl>#m_ylw-pushpin11001</styleUrl>
				<Point>
					<gx:drawOrder>1</gx:drawOrder>
					<coordinates>16.89676961374943,51.09754023014647,0</coordinates>
				</Point>
			</Placemark>
			<Placemark>
				<name>D4</name>
				<LookAt>
					<gx:TimeStamp><when>2024-05-04</when>
</gx:TimeStamp>
					<gx:ViewerOptions>
						<gx:option name="historicalimagery"></gx:option>
						<gx:option enabled="0" name="sunlight"></gx:option>
						<gx:option enabled="0" name="streetview"></gx:option>
					</gx:ViewerOptions>
					<longitude>16.87146906738429</longitude>
					<latitude>51.10546899753867</latitude>
					<altitude>0</altitude>
					<heading>-0.02209969485601278</heading>
					<tilt>0</tilt>
					<range>90.28704357442454</range>
					<gx:altitudeMode>relativeToSeaFloor</gx:altitudeMode>
				</LookAt>
				<styleUrl>#m_ylw-pushpin11001</styleUrl>
				<Point>
					<gx:drawOrder>1</gx:drawOrder>
					<coordinates>16.87128064964644,51.10541290204679,0</coordinates>
				</Point>
			</Placemark>
			<Placemark>
				<name>E1</name>
				<LookAt>
					<gx:TimeStamp><when>2024-05-04</when>
</gx:TimeStamp>
					<gx:ViewerOptions>
						<gx:option name="historicalimagery"></gx:option>
						<gx:option enabled="0" name="sunlight"></gx:option>
						<gx:option enabled="0" name="streetview"></gx:option>
					</gx:ViewerOptions>
					<longitude>16.89171448411034</longitude>
					<latitude>51.09688460576766</latitude>
					<altitude>0</altitude>
					<heading>-0.006342803533599832</heading>
					<tilt>0</tilt>
					<range>94.33361196165848</range>
					<gx:altitudeMode>relativeToSeaFloor</gx:altitudeMode>
				</LookAt>
				<styleUrl>#m_ylw-pushpin11001</styleUrl>
				<Point>
					<gx:drawOrder>1</gx:drawOrder>
					<coordinates>16.89159361059554,51.09684710536485,0</coordinates>
				</Point>
			</Placemark>
			<Placemark>
				<name>E2</name>
				<LookAt>
					<gx:TimeStamp><when>2024-05-04</when>
</gx:TimeStamp>
					<gx:ViewerOptions>
						<gx:option name="historicalimagery"></gx:option>
						<gx:option enabled="0" name="sunlight"></gx:option>
						<gx:option enabled="0" name="streetview"></gx:option>
					</gx:ViewerOptions>
					<longitude>16.88444777036021</longitude>
					<latitude>51.09920605188758</latitude>
					<altitude>0</altitude>
					<heading>-0.01199808214665908</heading>
					<tilt>0</tilt>
					<range>124.9707935357512</range>
					<gx:altitudeMode>relativeToSeaFloor</gx:altitudeMode>
				</LookAt>
				<styleUrl>#m_ylw-pushpin11001</styleUrl>
				<Point>
					<gx:drawOrder>1</gx:drawOrder>
					<coordinates>16.88438831531938,51.0991218951518,0</coordinates>
				</Point>
			</Placemark>
			<Placemark>
				<name>E3</name>
				<LookAt>
					<gx:TimeStamp><when>2024-05-04</when>
</gx:TimeStamp>
					<gx:ViewerOptions>
						<gx:option name="historicalimagery"></gx:option>
						<gx:option enabled="0" name="sunlight"></gx:option>
						<gx:option enabled="0" name="streetview"></gx:option>
					</gx:ViewerOptions>
					<longitude>16.88038319255162</longitude>
					<latitude>51.10138772612943</latitude>
					<altitude>0</altitude>
					<heading>-0.01516133543430473</heading>
					<tilt>0</tilt>
					<range>153.0740937392054</range>
					<gx:altitudeMode>relativeToSeaFloor</gx:altitudeMode>
				</LookAt>
				<styleUrl>#m_ylw-pushpin11001</styleUrl>
				<Point>
					<gx:drawOrder>1</gx:drawOrder>
					<coordinates>16.88009095139779,51.10135901809683,0</coordinates>
				</Point>
			</Placemark>
			<Placemark>
				<name>E3</name>
				<LookAt>
					<gx:TimeStamp><when>2024-05-04</when>
</gx:TimeStamp>
					<gx:ViewerOptions>
						<gx:option name="historicalimagery"></gx:option>
						<gx:option enabled="0" name="sunlight"></gx:option>
						<gx:option enabled="0" name="streetview"></gx:option>
					</gx:ViewerOptions>
					<longitude>16.87425132242183</longitude>
					<latitude>51.10352958209691</latitude>
					<altitude>0</altitude>
					<heading>-0.01993287815270148</heading>
					<tilt>0</tilt>
					<range>117.8841416614907</range>
					<gx:altitudeMode>relativeToSeaFloor</gx:altitudeMode>
				</LookAt>
				<styleUrl>#m_ylw-pushpin11001</styleUrl>
				<Point>
					<gx:drawOrder>1</gx:drawOrder>
					<coordinates>16.87403737362741,51.10347648801229,0</coordinates>
				</Point>
			</Placemark>
			<Placemark>
				<name>F</name>
				<LookAt>
					<gx:TimeStamp><when>2024-05-04</when>
</gx:TimeStamp>
					<gx:ViewerOptions>
						<gx:option name="historicalimagery"></gx:option>
						<gx:option enabled="0" name="sunlight"></gx:option>
						<gx:option enabled="0" name="streetview"></gx:option>
					</gx:ViewerOptions>
					<longitude>16.89777519380335</longitude>
					<latitude>51.10327845207896</latitude>
					<altitude>0</altitude>
					<heading>-0.001624809952952673</heading>
					<tilt>0</tilt>
					<range>179.1426586962276</range>
					<gx:altitudeMode>relativeToSeaFloor</gx:altitudeMode>
				</LookAt>
				<styleUrl>#m_ylw-pushpin902</styleUrl>
				<Point>
					<gx:drawOrder>1</gx:drawOrder>
					<coordinates>16.89749875801799,51.10315899820468,0</coordinates>
				</Point>
			</Placemark>
			<Placemark>
				<name>G1</name>
				<LookAt>
					<longitude>16.89176272393046</longitude>
					<latitude>51.10244147961517</latitude>
					<altitude>0</altitude>
					<heading>-0.001059538061989328</heading>
					<tilt>0</tilt>
					<range>598.7800044804713</range>
					<gx:altitudeMode>relativeToSeaFloor</gx:altitudeMode>
				</LookAt>
				<styleUrl>#m_ylw-pushpin07</styleUrl>
				<Point>
					<gx:drawOrder>1</gx:drawOrder>
					<coordinates>16.89100790446307,51.10181406852962,0</coordinates>
				</Point>
			</Placemark>
			<Placemark>
				<name>J1</name>
				<LookAt>
					<longitude>16.87364518513131</longitude>
					<latitude>51.10802162441631</latitude>
					<altitude>0</altitude>
					<heading>-0.01516108457255229</heading>
					<tilt>0</tilt>
					<range>454.1748860354185</range>
					<gx:altitudeMode>relativeToSeaFloor</gx:altitudeMode>
				</LookAt>
				<styleUrl>#m_ylw-pushpin07</styleUrl>
				<Point>
					<gx:drawOrder>1</gx:drawOrder>
					<coordinates>16.87295385691601,51.10780519713904,0</coordinates>
				</Point>
			</Placemark>
			<Placemark>
				<name>J2</name>
				<LookAt>
					<longitude>16.87452831184263</longitude>
					<latitude>51.10906570983519</latitude>
					<altitude>0</altitude>
					<heading>-0.01447337078687518</heading>
					<tilt>0</tilt>
					<range>394.0438354307791</range>
					<gx:altitudeMode>relativeToSeaFloor</gx:altitudeMode>
				</LookAt>
				<styleUrl>#m_ylw-pushpin07</styleUrl>
				<Point>
					<gx:drawOrder>1</gx:drawOrder>
					<coordinates>16.87385011472636,51.10898406020105,0</coordinates>
				</Point>
			</Placemark>
			<Placemark>
				<name>K</name>
				<LookAt>
					<longitude>16.87331383357247</longitude>
					<latitude>51.10962459320968</latitude>
					<altitude>0</altitude>
					<heading>3.671031792143302e-05</heading>
					<tilt>0</tilt>
					<range>432.7913614644872</range>
					<gx:altitudeMode>relativeToSeaFloor</gx:altitudeMode>
				</LookAt>
				<styleUrl>#m_ylw-pushpin07</styleUrl>
				<Point>
					<gx:drawOrder>1</gx:drawOrder>
					<coordinates>16.87120129227732,51.10972550605467,0</coordinates>
				</Point>
			</Placemark>
			<Placemark>
				<name>L</name>
				<LookAt>
					<longitude>16.86742190391931</longitude>
					<latitude>51.10897023458718</latitude>
					<altitude>0</altitude>
					<heading>25.94716689634493</heading>
					<tilt>7.996097288793544</tilt>
					<range>427.7882088768863</range>
					<gx:altitudeMode>relativeToSeaFloor</gx:altitudeMode>
				</LookAt>
				<styleUrl>#m_ylw-pushpin</styleUrl>
				<Point>
					<gx:drawOrder>1</gx:drawOrder>
					<coordinates>16.86647353180197,51.10934091401094,0</coordinates>
				</Point>
			</Placemark>
		</Folder>
		<Folder>
			<name>StandLabels</name>
			<Placemark>
				<name>1</name>
				<LookAt>
					<gx:TimeStamp><when>2024-05-04</when>
</gx:TimeStamp>
					<gx:ViewerOptions>
						<gx:option name="historicalimagery"></gx:option>
						<gx:option enabled="0" name="sunlight"></gx:option>
						<gx:option enabled="0" name="streetview"></gx:option>
					</gx:ViewerOptions>
					<longitude>16.87624184727455</longitude>
					<latitude>51.11003885628433</latitude>
					<altitude>0</altitude>
					<heading>-0.01838342048154449</heading>
					<tilt>0</tilt>
					<range>339.0508856510981</range>
					<gx:altitudeMode>relativeToSeaFloor</gx:altitudeMode>
				</LookAt>
				<styleUrl>#m_ylw-pushpin211</styleUrl>
				<Point>
					<gx:drawOrder>1</gx:drawOrder>
					<coordinates>16.87519166666667,51.11021111111111,0</coordinates>
				</Point>
			</Placemark>
			<Placemark>
				<name>2</name>
				<LookAt>
					<gx:TimeStamp><when>2024-05-04</when>
</gx:TimeStamp>
					<gx:ViewerOptions>
						<gx:option name="historicalimagery"></gx:option>
						<gx:option enabled="0" name="sunlight"></gx:option>
						<gx:option enabled="0" name="streetview"></gx:option>
					</gx:ViewerOptions>
					<longitude>16.87698700147511</longitude>
					<latitude>51.10974722610591</latitude>
					<altitude>0</altitude>
					<heading>-0.01780343393565089</heading>
					<tilt>0</tilt>
					<range>339.0508856473919</range>
					<gx:altitudeMode>relativeToSeaFloor</gx:altitudeMode>
				</LookAt>
				<styleUrl>#m_ylw-pushpin211</styleUrl>
				<Point>
					<gx:drawOrder>1</gx:drawOrder>
					<coordinates>16.87572222222222,51.11005,0</coordinates>
				</Point>
			</Placemark>
			<Placemark>
				<name>3</name>
				<LookAt>
					<gx:TimeStamp><when>2024-05-04</when>
</gx:TimeStamp>
					<gx:ViewerOptions>
						<gx:option name="historicalimagery"></gx:option>
						<gx:option enabled="0" name="sunlight"></gx:option>
						<gx:option enabled="0" name="streetview"></gx:option>
					</gx:ViewerOptions>
					<longitude>16.87749437486945</longitude>
					<latitude>51.10962036728215</latitude>
					<altitude>0</altitude>
					<heading>-0.01740852307238394</heading>
					<tilt>0</tilt>
					<range>339.0508856478511</range>
					<gx:altitudeMode>relativeToSeaFloor</gx:altitudeMode>
				</LookAt>
				<styleUrl>#m_ylw-pushpin211</styleUrl>
				<Point>
					<gx:drawOrder>1</gx:drawOrder>
					<coordinates>16.87625277777778,51.10988888888889,0</coordinates>
				</Point>
			</Placemark>
			<Placemark>
				<name>4</name>
				<LookAt>
					<gx:TimeStamp><when>2024-05-04</when>
</gx:TimeStamp>
					<gx:ViewerOptions>
						<gx:option name="historicalimagery"></gx:option>
						<gx:option enabled="0" name="sunlight"></gx:option>
						<gx:option enabled="0" name="streetview"></gx:option>
					</gx:ViewerOptions>
					<longitude>16.87793437944389</longitude>
					<latitude>51.10941108306464</latitude>
					<altitude>0</altitude>
					<heading>-0.01706604872684185</heading>
					<tilt>0</tilt>
					<range>339.0508856480319</range>
					<gx:altitudeMode>relativeToSeaFloor</gx:altitudeMode>
				</LookAt>
				<styleUrl>#m_ylw-pushpin211</styleUrl>
				<Point>
					<gx:drawOrder>1</gx:drawOrder>
					<coordinates>16.87678333333333,51.10972500000001,0</coordinates>
				</Point>
			</Placemark>
			<Placemark>
				<name>5</name>
				<LookAt>
					<gx:TimeStamp><when>2024-05-04</when>
</gx:TimeStamp>
					<gx:ViewerOptions>
						<gx:option name="historicalimagery"></gx:option>
						<gx:option enabled="0" name="sunlight"></gx:option>
						<gx:option enabled="0" name="streetview"></gx:option>
					</gx:ViewerOptions>
					<longitude>16.87844179522424</longitude>
					<latitude>51.10917953639401</latitude>
					<altitude>0</altitude>
					<heading>-0.01667110765062355</heading>
					<tilt>0</tilt>
					<range>339.0508856488086</range>
					<gx:altitudeMode>relativeToSeaFloor</gx:altitudeMode>
				</LookAt>
				<styleUrl>#m_ylw-pushpin211</styleUrl>
				<Point>
					<gx:drawOrder>1</gx:drawOrder>
					<coordinates>16.87731111111111,51.10956388888889,0</coordinates>
				</Point>
			</Placemark>
			<Placemark>
				<name>6</name>
				<LookAt>
					<gx:TimeStamp><when>2024-05-04</when>
</gx:TimeStamp>
					<gx:ViewerOptions>
						<gx:option name="historicalimagery"></gx:option>
						<gx:option enabled="0" name="sunlight"></gx:option>
						<gx:option enabled="0" name="streetview"></gx:option>
					</gx:ViewerOptions>
					<longitude>16.87922896810213</longitude>
					<latitude>51.1090337807881</latitude>
					<altitude>0</altitude>
					<heading>-0.01605841947562863</heading>
					<tilt>0</tilt>
					<range>339.0508856514614</range>
					<gx:altitudeMode>relativeToSeaFloor</gx:altitudeMode>
				</LookAt>
				<styleUrl>#m_ylw-pushpin211</styleUrl>
				<Point>
					<gx:drawOrder>1</gx:drawOrder>
					<coordinates>16.87784166666667,51.10940277777778,0</coordinates>
				</Point>
			</Placemark>
			<Placemark>
				<name>8</name>
				<LookAt>
					<gx:TimeStamp><when>2024-05-04</when>
</gx:TimeStamp>
					<gx:ViewerOptions>
						<gx:option name="historicalimagery"></gx:option>
						<gx:option enabled="0" name="sunlight"></gx:option>
						<gx:option enabled="0" name="streetview"></gx:option>
					</gx:ViewerOptions>
					<longitude>16.87957157500471</longitude>
					<latitude>51.10892036304315</latitude>
					<altitude>0</altitude>
					<heading>-0.005839405748557154</heading>
					<tilt>0</tilt>
					<range>261.3299425421822</range>
					<gx:altitudeMode>relativeToSeaFloor</gx:altitudeMode>
				</LookAt>
				<styleUrl>#m_ylw-pushpin211</styleUrl>
				<Point>
					<gx:drawOrder>1</gx:drawOrder>
					<coordinates>16.87893888888889,51.10912499999999,0</coordinates>
				</Point>
			</Placemark>
			<Placemark>
				<name>9</name>
				<LookAt>
					<gx:TimeStamp><when>2024-05-04</when>
</gx:TimeStamp>
					<gx:ViewerOptions>
						<gx:option name="historicalimagery"></gx:option>
						<gx:option enabled="0" name="sunlight"></gx:option>
						<gx:option enabled="0" name="streetview"></gx:option>
					</gx:ViewerOptions>
					<longitude>16.88014252054644</longitude>
					<latitude>51.10880475849341</latitude>
					<altitude>0</altitude>
					<heading>-0.00539501591889094</heading>
					<tilt>0</tilt>
					<range>261.3299425422525</range>
					<gx:altitudeMode>relativeToSeaFloor</gx:altitudeMode>
				</LookAt>
				<styleUrl>#m_ylw-pushpin211</styleUrl>
				<Point>
					<gx:drawOrder>1</gx:drawOrder>
					<coordinates>16.87948055555556,51.10898055555556,0</coordinates>
				</Point>
			</Placemark>
			<Placemark>
				<name>10</name>
				<LookAt>
					<gx:TimeStamp><when>2024-05-04</when>
</gx:TimeStamp>
					<gx:ViewerOptions>
						<gx:option name="historicalimagery"></gx:option>
						<gx:option enabled="0" name="sunlight"></gx:option>
						<gx:option enabled="0" name="streetview"></gx:option>
					</gx:ViewerOptions>
					<longitude>16.88075778255944</longitude>
					<latitude>51.1085695989165</latitude>
					<altitude>0</altitude>
					<heading>-0.004916134152668573</heading>
					<tilt>0</tilt>
					<range>261.32994254736</range>
					<gx:altitudeMode>relativeToSeaFloor</gx:altitudeMode>
				</LookAt>
				<styleUrl>#m_ylw-pushpin211</styleUrl>
				<Point>
					<gx:drawOrder>1</gx:drawOrder>
					<coordinates>16.87999722222222,51.1088,0</coordinates>
				</Point>
			</Placemark>
			<Placemark>
				<name>11</name>
				<LookAt>
					<gx:TimeStamp><when>2024-05-04</when>
</gx:TimeStamp>
					<gx:ViewerOptions>
						<gx:option name="historicalimagery"></gx:option>
						<gx:option enabled="0" name="sunlight"></gx:option>
						<gx:option enabled="0" name="streetview"></gx:option>
					</gx:ViewerOptions>
					<longitude>16.88083708342874</longitude>
					<latitude>51.10853183477803</latitude>
					<altitude>0</altitude>
					<heading>-0.004854411452416414</heading>
					<tilt>0</tilt>
					<range>261.3299425439348</range>
					<gx:altitudeMode>relativeToSeaFloor</gx:altitudeMode>
				</LookAt>
				<styleUrl>#m_ylw-pushpin211</styleUrl>
				<Point>
					<gx:drawOrder>1</gx:drawOrder>
					<coordinates>16.88053888888889,51.10865555555556,0</coordinates>
				</Point>
			</Placemark>
			<Placemark>
				<name>12</name>
				<LookAt>
					<gx:TimeStamp><when>2024-05-04</when>
</gx:TimeStamp>
					<gx:ViewerOptions>
						<gx:option name="historicalimagery"></gx:option>
						<gx:option enabled="0" name="sunlight"></gx:option>
						<gx:option enabled="0" name="streetview"></gx:option>
					</gx:ViewerOptions>
					<longitude>16.88083708342874</longitude>
					<latitude>51.10853183477803</latitude>
					<altitude>0</altitude>
					<heading>-0.004854411452416414</heading>
					<tilt>0</tilt>
					<range>261.3299425439348</range>
					<gx:altitudeMode>relativeToSeaFloor</gx:altitudeMode>
				</LookAt>
				<styleUrl>#m_ylw-pushpin211</styleUrl>
				<Point>
					<gx:drawOrder>1</gx:drawOrder>
					<coordinates>16.88105833333334,51.10847777777778,0</coordinates>
				</Point>
			</Placemark>
			<Placemark>
				<name>13</name>
				<LookAt>
					<gx:TimeStamp><when>2024-05-04</when>
</gx:TimeStamp>
					<gx:ViewerOptions>
						<gx:option name="historicalimagery"></gx:option>
						<gx:option enabled="0" name="sunlight"></gx:option>
						<gx:option enabled="0" name="streetview"></gx:option>
					</gx:ViewerOptions>
					<longitude>16.88180097210508</longitude>
					<latitude>51.10823209431333</latitude>
					<altitude>0</altitude>
					<heading>-0.004104183380837446</heading>
					<tilt>0</tilt>
					<range>261.3299425425901</range>
					<gx:altitudeMode>relativeToSeaFloor</gx:altitudeMode>
				</LookAt>
				<styleUrl>#m_ylw-pushpin211</styleUrl>
				<Point>
					<gx:drawOrder>1</gx:drawOrder>
					<coordinates>16.88158611111111,51.10831666666667,0</coordinates>
				</Point>
			</Placemark>
			<Placemark>
				<name>14</name>
				<LookAt>
					<gx:TimeStamp><when>2024-05-04</when>
</gx:TimeStamp>
					<gx:ViewerOptions>
						<gx:option name="historicalimagery"></gx:option>
						<gx:option enabled="0" name="sunlight"></gx:option>
						<gx:option enabled="0" name="streetview"></gx:option>
					</gx:ViewerOptions>
					<longitude>16.88249824202233</longitude>
					<latitude>51.10803813155249</latitude>
					<altitude>0</altitude>
					<heading>-0.003561476045937646</heading>
					<tilt>0</tilt>
					<range>261.3299425348338</range>
					<gx:altitudeMode>relativeToSeaFloor</gx:altitudeMode>
				</LookAt>
				<styleUrl>#m_ylw-pushpin211</styleUrl>
				<Point>
					<gx:drawOrder>1</gx:drawOrder>
					<coordinates>16.88211666666667,51.10815277777778,0</coordinates>
				</Point>
			</Placemark>
			<Placemark>
				<name>15</name>
				<LookAt>
					<gx:TimeStamp><when>2024-05-04</when>
</gx:TimeStamp>
					<gx:ViewerOptions>
						<gx:option name="historicalimagery"></gx:option>
						<gx:option enabled="0" name="sunlight"></gx:option>
						<gx:option enabled="0" name="streetview"></gx:option>
					</gx:ViewerOptions>
					<longitude>16.88261582209209</longitude>
					<latitude>51.10798663374135</latitude>
					<altitude>0</altitude>
					<heading>-0.003469959728867023</heading>
					<tilt>0</tilt>
					<range>261.3299425393699</range>
					<gx:altitudeMode>relativeToSeaFloor</gx:altitudeMode>
				</LookAt>
				<styleUrl>#m_ylw-pushpin211</styleUrl>
				<Point>
					<gx:drawOrder>1</gx:drawOrder>
					<coordinates>16.88226666666667,51.10812777777779,0</coordinates>
				</Point>
			</Placemark>
			<Placemark>
				<name>16</name>
				<LookAt>
					<gx:TimeStamp><when>2024-05-04</when>
</gx:TimeStamp>
					<gx:ViewerOptions>
						<gx:option name="historicalimagery"></gx:option>
						<gx:option enabled="0" name="sunlight"></gx:option>
						<gx:option enabled="0" name="streetview"></gx:option>
					</gx:ViewerOptions>
					<longitude>16.88261582209209</longitude>
					<latitude>51.10798663374135</latitude>
					<altitude>0</altitude>
					<heading>-0.003469959728867023</heading>
					<tilt>0</tilt>
					<range>261.3299425393699</range>
					<gx:altitudeMode>relativeToSeaFloor</gx:altitudeMode>
				</LookAt>
				<styleUrl>#m_ylw-pushpin211</styleUrl>
				<Point>
					<gx:drawOrder>1</gx:drawOrder>
					<coordinates>16.88264722222222,51.10799166666667,0</coordinates>
				</Point>
			</Placemark>
			<Placemark>
				<name>17</name>
				<LookAt>
					<gx:TimeStamp><when>2024-05-04</when>
</gx:TimeStamp>
					<gx:ViewerOptions>
						<gx:option name="historicalimagery"></gx:option>
						<gx:option enabled="0" name="sunlight"></gx:option>
						<gx:option enabled="0" name="streetview"></gx:option>
					</gx:ViewerOptions>
					<longitude>16.88297676436521</longitude>
					<latitude>51.10782698974459</latitude>
					<altitude>0</altitude>
					<heading>-0.003189028544723519</heading>
					<tilt>0</tilt>
					<range>261.3299425395967</range>
					<gx:altitudeMode>relativeToSeaFloor</gx:altitudeMode>
				</LookAt>
				<styleUrl>#m_ylw-pushpin211</styleUrl>
				<Point>
					<gx:drawOrder>1</gx:drawOrder>
					<coordinates>16.88304166666667,51.10788888888889,0</coordinates>
				</Point>
			</Placemark>
			<Placemark>
				<name>18</name>
				<LookAt>
					<gx:TimeStamp><when>2024-05-04</when>
</gx:TimeStamp>
					<gx:ViewerOptions>
						<gx:option name="historicalimagery"></gx:option>
						<gx:option enabled="0" name="sunlight"></gx:option>
						<gx:option enabled="0" name="streetview"></gx:option>
					</gx:ViewerOptions>
					<longitude>16.88346621300685</longitude>
					<latitude>51.10769996667035</latitude>
					<altitude>0</altitude>
					<heading>-0.002808076858216151</heading>
					<tilt>0</tilt>
					<range>261.3299425384487</range>
					<gx:altitudeMode>relativeToSeaFloor</gx:altitudeMode>
				</LookAt>
				<styleUrl>#m_ylw-pushpin211</styleUrl>
				<Point>
					<gx:drawOrder>1</gx:drawOrder>
					<coordinates>16.88313055555556,51.10778333333334,0</coordinates>
				</Point>
			</Placemark>
			<Placemark>
				<name>21</name>
				<LookAt>
					<longitude>16.87612335949838</longitude>
					<latitude>51.10875739860618</latitude>
					<altitude>0</altitude>
					<heading>-0.01593944893558878</heading>
					<tilt>0</tilt>
					<range>516.6995520849099</range>
					<gx:altitudeMode>relativeToSeaFloor</gx:altitudeMode>
				</LookAt>
				<styleUrl>#m_ylw-pushpin</styleUrl>
				<Point>
					<gx:drawOrder>1</gx:drawOrder>
					<coordinates>16.87511667,51.10880278,0</coordinates>
				</Point>
			</Placemark>
			<Placemark>
				<name>21&apos;</name>
				<LookAt>
					<longitude>16.87889490178268</longitude>
					<latitude>51.10755652295422</latitude>
					<altitude>0</altitude>
					<heading>24.52226629747655</heading>
					<tilt>4.95071552032737</tilt>
					<range>743.7054920769107</range>
					<gx:altitudeMode>relativeToSeaFloor</gx:altitudeMode>
				</LookAt>
				<styleUrl>#m_ylw-pushpin</styleUrl>
				<Point>
					<gx:drawOrder>1</gx:drawOrder>
					<coordinates>16.87489722,51.10851944444445,0</coordinates>
				</Point>
			</Placemark>
			<Placemark>
				<name>22</name>
				<LookAt>
					<longitude>16.87612335949838</longitude>
					<latitude>51.10875739860618</latitude>
					<altitude>0</altitude>
					<heading>-0.01593944893558878</heading>
					<tilt>0</tilt>
					<range>516.6995520849099</range>
					<gx:altitudeMode>relativeToSeaFloor</gx:altitudeMode>
				</LookAt>
				<styleUrl>#m_ylw-pushpin</styleUrl>
				<Point>
					<gx:drawOrder>1</gx:drawOrder>
					<coordinates>16.87569444,51.108625,0</coordinates>
				</Point>
			</Placemark>
			<Placemark>
				<name>22&apos;</name>
				<LookAt>
					<longitude>16.87768423220703</longitude>
					<latitude>51.10768871337508</latitude>
					<altitude>0</altitude>
					<heading>24.52138977266753</heading>
					<tilt>7.682792034915176</tilt>
					<range>516.8564534739334</range>
					<gx:altitudeMode>relativeToSeaFloor</gx:altitudeMode>
				</LookAt>
				<styleUrl>#m_ylw-pushpin</styleUrl>
				<Point>
					<gx:drawOrder>1</gx:drawOrder>
					<coordinates>16.875475,51.10834166666667,0</coordinates>
				</Point>
			</Placemark>
			<Placemark>
				<name>23</name>
				<LookAt>
					<longitude>16.87695061783459</longitude>
					<latitude>51.10854709131042</latitude>
					<altitude>0</altitude>
					<heading>-0.01529556370091164</heading>
					<tilt>0</tilt>
					<range>516.6995520855781</range>
					<gx:altitudeMode>relativeToSeaFloor</gx:altitudeMode>
				</LookAt>
				<styleUrl>#m_ylw-pushpin</styleUrl>
				<Point>
					<gx:drawOrder>1</gx:drawOrder>
					<coordinates>16.87636389,51.10841944444444,0</coordinates>
				</Point>
			</Placemark>
			<Placemark>
				<name>23&apos;</name>
				<LookAt>
					<longitude>16.87667707601992</longitude>
					<latitude>51.10780531828536</latitude>
					<altitude>0</altitude>
					<heading>-0.000469855179065643</heading>
					<tilt>0</tilt>
					<range>417.4734721599753</range>
					<gx:altitudeMode>relativeToSeaFloor</gx:altitudeMode>
				</LookAt>
				<styleUrl>#m_ylw-pushpin</styleUrl>
				<Point>
					<gx:drawOrder>1</gx:drawOrder>
					<coordinates>16.87614444,51.10813611111112,0</coordinates>
				</Point>
			</Placemark>
			<Placemark>
				<name>24</name>
				<LookAt>
					<longitude>16.87695061783459</longitude>
					<latitude>51.10854709131042</latitude>
					<altitude>0</altitude>
					<heading>-0.01529556370091164</heading>
					<tilt>0</tilt>
					<range>516.6995520855781</range>
					<gx:altitudeMode>relativeToSeaFloor</gx:altitudeMode>
				</LookAt>
				<styleUrl>#m_ylw-pushpin</styleUrl>
				<Point>
					<gx:drawOrder>1</gx:drawOrder>
					<coordinates>16.87694167,51.10824166666666,0</coordinates>
				</Point>
			</Placemark>
			<Placemark>
				<name>24&apos;</name>
				<LookAt>
					<longitude>16.87667707601992</longitude>
					<latitude>51.10780531828536</latitude>
					<altitude>0</altitude>
					<heading>-0.000469855179065643</heading>
					<tilt>0</tilt>
					<range>417.4734721599753</range>
					<gx:altitudeMode>relativeToSeaFloor</gx:altitudeMode>
				</LookAt>
				<styleUrl>#m_ylw-pushpin</styleUrl>
				<Point>
					<gx:drawOrder>1</gx:drawOrder>
					<coordinates>16.87672222,51.10795833333334,0</coordinates>
				</Point>
			</Placemark>
			<Placemark>
				<name>25</name>
				<LookAt>
					<longitude>16.87667707601992</longitude>
					<latitude>51.10780531828536</latitude>
					<altitude>0</altitude>
					<heading>-0.000469855179065643</heading>
					<tilt>0</tilt>
					<range>417.4734721599753</range>
					<gx:altitudeMode>relativeToSeaFloor</gx:altitudeMode>
				</LookAt>
				<styleUrl>#m_ylw-pushpin</styleUrl>
				<Point>
					<gx:drawOrder>1</gx:drawOrder>
					<coordinates>16.87772222,51.10800277777778,0</coordinates>
				</Point>
			</Placemark>
			<Placemark>
				<name>25&apos;</name>
				<LookAt>
					<longitude>16.87667707601992</longitude>
					<latitude>51.10780531828536</latitude>
					<altitude>0</altitude>
					<heading>-0.000469855179065643</heading>
					<tilt>0</tilt>
					<range>417.4734721599753</range>
					<gx:altitudeMode>relativeToSeaFloor</gx:altitudeMode>
				</LookAt>
				<styleUrl>#m_ylw-pushpin</styleUrl>
				<Point>
					<gx:drawOrder>1</gx:drawOrder>
					<coordinates>16.87750278,51.10771944444445,0</coordinates>
				</Point>
			</Placemark>
			<Placemark>
				<name>26</name>
				<LookAt>
					<longitude>16.8779483708596</longitude>
					<latitude>51.10763304443986</latitude>
					<altitude>0</altitude>
					<heading>0.0005196259298501962</heading>
					<tilt>0</tilt>
					<range>416.8588189328834</range>
					<gx:altitudeMode>relativeToSeaFloor</gx:altitudeMode>
				</LookAt>
				<styleUrl>#m_ylw-pushpin</styleUrl>
				<Point>
					<gx:drawOrder>1</gx:drawOrder>
					<coordinates>16.8783,51.107825,0</coordinates>
				</Point>
			</Placemark>
			<Placemark>
				<name>26&apos;</name>
				<LookAt>
					<longitude>16.8779483708596</longitude>
					<latitude>51.10763304443986</latitude>
					<altitude>0</altitude>
					<heading>0.0005196259298501962</heading>
					<tilt>0</tilt>
					<range>416.8588189328834</range>
					<gx:altitudeMode>relativeToSeaFloor</gx:altitudeMode>
				</LookAt>
				<styleUrl>#m_ylw-pushpin</styleUrl>
				<Point>
					<gx:drawOrder>1</gx:drawOrder>
					<coordinates>16.87808056,51.10754166666667,0</coordinates>
				</Point>
			</Placemark>
			<Placemark>
				<name>27</name>
				<LookAt>
					<longitude>16.87874508885701</longitude>
					<latitude>51.10742604434417</latitude>
					<altitude>0</altitude>
					<heading>0.001139729775261632</heading>
					<tilt>0</tilt>
					<range>417.232450669827</range>
					<gx:altitudeMode>relativeToSeaFloor</gx:altitudeMode>
				</LookAt>
				<styleUrl>#m_ylw-pushpin</styleUrl>
				<Point>
					<gx:drawOrder>1</gx:drawOrder>
					<coordinates>16.878975,51.10761944444445,0</coordinates>
				</Point>
			</Placemark>
			<Placemark>
				<name>27&apos;</name>
				<LookAt>
					<longitude>16.87874508885701</longitude>
					<latitude>51.10742604434417</latitude>
					<altitude>0</altitude>
					<heading>0.001139729775261632</heading>
					<tilt>0</tilt>
					<range>417.232450669827</range>
					<gx:altitudeMode>relativeToSeaFloor</gx:altitudeMode>
				</LookAt>
				<styleUrl>#m_ylw-pushpin</styleUrl>
				<Point>
					<gx:drawOrder>1</gx:drawOrder>
					<coordinates>16.87875833,51.10733611111112,0</coordinates>
				</Point>
			</Placemark>
			<Placemark>
				<name>28</name>
				<LookAt>
					<longitude>16.87874508885701</longitude>
					<latitude>51.10742604434417</latitude>
					<altitude>0</altitude>
					<heading>0.001139729775261632</heading>
					<tilt>0</tilt>
					<range>417.232450669827</range>
					<gx:altitudeMode>relativeToSeaFloor</gx:altitudeMode>
				</LookAt>
				<styleUrl>#m_ylw-pushpin</styleUrl>
				<Point>
					<gx:drawOrder>1</gx:drawOrder>
					<coordinates>16.87955278,51.10744166666667,0</coordinates>
				</Point>
			</Placemark>
			<Placemark>
				<name>28&apos;</name>
				<LookAt>
					<longitude>16.87938604002214</longitude>
					<latitude>51.10707531518511</latitude>
					<altitude>0</altitude>
					<heading>0.001638596552417093</heading>
					<tilt>0</tilt>
					<range>417.8652853048395</range>
					<gx:altitudeMode>relativeToSeaFloor</gx:altitudeMode>
				</LookAt>
				<styleUrl>#m_ylw-pushpin</styleUrl>
				<Point>
					<gx:drawOrder>1</gx:drawOrder>
					<coordinates>16.87933611,51.10715833333334,0</coordinates>
				</Point>
			</Placemark>
			<Placemark>
				<name>29</name>
				<LookAt>
					<longitude>16.87938604002214</longitude>
					<latitude>51.10707531518511</latitude>
					<altitude>0</altitude>
					<heading>0.001638596552417093</heading>
					<tilt>0</tilt>
					<range>417.8652853048395</range>
					<gx:altitudeMode>relativeToSeaFloor</gx:altitudeMode>
				</LookAt>
				<styleUrl>#m_ylw-pushpin</styleUrl>
				<Point>
					<gx:drawOrder>1</gx:drawOrder>
					<coordinates>16.88023056,51.10723611111111,0</coordinates>
				</Point>
			</Placemark>
			<Placemark>
				<name>29&apos;</name>
				<LookAt>
					<longitude>16.87995606849649</longitude>
					<latitude>51.10678443430054</latitude>
					<altitude>0</altitude>
					<heading>0.002079606019987181</heading>
					<tilt>7.977212031858445</tilt>
					<range>390.2709142025345</range>
					<gx:altitudeMode>relativeToSeaFloor</gx:altitudeMode>
				</LookAt>
				<styleUrl>#m_ylw-pushpin</styleUrl>
				<Point>
					<gx:drawOrder>1</gx:drawOrder>
					<coordinates>16.88001111,51.10695277777778,0</coordinates>
				</Point>
			</Placemark>
			<Placemark>
				<name>210</name>
				<LookAt>
					<longitude>16.88031597129504</longitude>
					<latitude>51.10672335046508</latitude>
					<altitude>0</altitude>
					<heading>0.002359728794632346</heading>
					<tilt>7.977212031302267</tilt>
					<range>390.2701980612689</range>
					<gx:altitudeMode>relativeToSeaFloor</gx:altitudeMode>
				</LookAt>
				<styleUrl>#m_ylw-pushpin</styleUrl>
				<Point>
					<gx:drawOrder>1</gx:drawOrder>
					<coordinates>16.88080833,51.10705833,0</coordinates>
				</Point>
			</Placemark>
			<Placemark>
				<name>210&apos;</name>
				<LookAt>
					<longitude>16.88031597129504</longitude>
					<latitude>51.10672335046508</latitude>
					<altitude>0</altitude>
					<heading>0.002359728794632346</heading>
					<tilt>7.977212031302267</tilt>
					<range>390.2701980612689</range>
					<gx:altitudeMode>relativeToSeaFloor</gx:altitudeMode>
				</LookAt>
				<styleUrl>#m_ylw-pushpin</styleUrl>
				<Point>
					<gx:drawOrder>1</gx:drawOrder>
					<coordinates>16.88058889,51.106775,0</coordinates>
				</Point>
			</Placemark>
			<Placemark>
				<name>211</name>
				<LookAt>
					<longitude>16.88144283228874</longitude>
					<latitude>51.10655476872076</latitude>
					<altitude>0</altitude>
					<heading>0.003236771927798845</heading>
					<tilt>7.977212092499612</tilt>
					<range>390.3197961130093</range>
					<gx:altitudeMode>relativeToSeaFloor</gx:altitudeMode>
				</LookAt>
				<styleUrl>#m_ylw-pushpin</styleUrl>
				<Point>
					<gx:drawOrder>1</gx:drawOrder>
					<coordinates>16.88148333,51.10685277777777,0</coordinates>
				</Point>
			</Placemark>
			<Placemark>
				<name>211&apos;</name>
				<LookAt>
					<longitude>16.88144283228874</longitude>
					<latitude>51.10655476872076</latitude>
					<altitude>0</altitude>
					<heading>0.003236771927798845</heading>
					<tilt>7.977212092499612</tilt>
					<range>390.3197961130093</range>
					<gx:altitudeMode>relativeToSeaFloor</gx:altitudeMode>
				</LookAt>
				<styleUrl>#m_ylw-pushpin</styleUrl>
				<Point>
					<gx:drawOrder>1</gx:drawOrder>
					<coordinates>16.88126389,51.10656944444444,0</coordinates>
				</Point>
			</Placemark>
			<Placemark>
				<name>212</name>
				<LookAt>
					<longitude>16.88144283228874</longitude>
					<latitude>51.10655476872076</latitude>
					<altitude>0</altitude>
					<heading>0.003236771927798845</heading>
					<tilt>7.977212092499612</tilt>
					<range>390.3197961130093</range>
					<gx:altitudeMode>relativeToSeaFloor</gx:altitudeMode>
				</LookAt>
				<styleUrl>#m_ylw-pushpin</styleUrl>
				<Point>
					<gx:drawOrder>1</gx:drawOrder>
					<coordinates>16.88206111,51.106675,0</coordinates>
				</Point>
			</Placemark>
			<Placemark>
				<name>212&apos;</name>
				<LookAt>
					<longitude>16.88144283228874</longitude>
					<latitude>51.10655476872076</latitude>
					<altitude>0</altitude>
					<heading>0.003236771927798845</heading>
					<tilt>7.977212092499612</tilt>
					<range>390.3197961130093</range>
					<gx:altitudeMode>relativeToSeaFloor</gx:altitudeMode>
				</LookAt>
				<styleUrl>#m_ylw-pushpin</styleUrl>
				<Point>
					<gx:drawOrder>1</gx:drawOrder>
					<coordinates>16.88184167,51.10639166666666,0</coordinates>
				</Point>
			</Placemark>
			<Placemark>
				<name>213</name>
				<LookAt>
					<longitude>16.88293910816014</longitude>
					<latitude>51.10631469129709</latitude>
					<altitude>0</altitude>
					<heading>0.004401338403185122</heading>
					<tilt>7.977212538882706</tilt>
					<range>390.677504780745</range>
					<gx:altitudeMode>relativeToSeaFloor</gx:altitudeMode>
				</LookAt>
				<styleUrl>#m_ylw-pushpin</styleUrl>
				<Point>
					<gx:drawOrder>1</gx:drawOrder>
					<coordinates>16.88335833,51.10627777777778,0</coordinates>
				</Point>
			</Placemark>
			<Placemark>
				<name>213&apos;</name>
				<LookAt>
					<longitude>16.88293910816014</longitude>
					<latitude>51.10631469129709</latitude>
					<altitude>0</altitude>
					<heading>0.004401338403185122</heading>
					<tilt>7.977212538882706</tilt>
					<range>390.677504780745</range>
					<gx:altitudeMode>relativeToSeaFloor</gx:altitudeMode>
				</LookAt>
				<styleUrl>#m_ylw-pushpin</styleUrl>
				<Point>
					<gx:drawOrder>1</gx:drawOrder>
					<coordinates>16.88313889,51.10599444444445,0</coordinates>
				</Point>
			</Placemark>
			<Placemark>
				<name>214</name>
				<LookAt>
					<longitude>16.88293910816014</longitude>
					<latitude>51.10631469129709</latitude>
					<altitude>0</altitude>
					<heading>0.004401338403185122</heading>
					<tilt>7.977212538882706</tilt>
					<range>390.677504780745</range>
					<gx:altitudeMode>relativeToSeaFloor</gx:altitudeMode>
				</LookAt>
				<styleUrl>#m_ylw-pushpin</styleUrl>
				<Point>
					<gx:drawOrder>1</gx:drawOrder>
					<coordinates>16.88393611,51.1061,0</coordinates>
				</Point>
			</Placemark>
			<Placemark>
				<name>214&apos;</name>
				<LookAt>
					<longitude>16.88293910816014</longitude>
					<latitude>51.10631469129709</latitude>
					<altitude>0</altitude>
					<heading>0.004401338403185122</heading>
					<tilt>7.977212538882706</tilt>
					<range>390.677504780745</range>
					<gx:altitudeMode>relativeToSeaFloor</gx:altitudeMode>
				</LookAt>
				<styleUrl>#m_ylw-pushpin</styleUrl>
				<Point>
					<gx:drawOrder>1</gx:drawOrder>
					<coordinates>16.88371667,51.10581666666667,0</coordinates>
				</Point>
			</Placemark>
			<Placemark>
				<name>215</name>
				<LookAt>
					<longitude>16.88293910816014</longitude>
					<latitude>51.10631469129709</latitude>
					<altitude>0</altitude>
					<heading>0.004401338403185122</heading>
					<tilt>7.977212538882706</tilt>
					<range>390.677504780745</range>
					<gx:altitudeMode>relativeToSeaFloor</gx:altitudeMode>
				</LookAt>
				<styleUrl>#m_ylw-pushpin</styleUrl>
				<Point>
					<gx:drawOrder>1</gx:drawOrder>
					<coordinates>16.88399167,51.10613333333333,0</coordinates>
				</Point>
			</Placemark>
			<Placemark>
				<name>215&apos;</name>
				<LookAt>
					<longitude>16.88293910816014</longitude>
					<latitude>51.10631469129709</latitude>
					<altitude>0</altitude>
					<heading>0.004401338403185122</heading>
					<tilt>7.977212538882706</tilt>
					<range>390.677504780745</range>
					<gx:altitudeMode>relativeToSeaFloor</gx:altitudeMode>
				</LookAt>
				<styleUrl>#m_ylw-pushpin</styleUrl>
				<Point>
					<gx:drawOrder>1</gx:drawOrder>
					<coordinates>16.88314167,51.10594722222223,0</coordinates>
				</Point>
			</Placemark>
			<Placemark>
				<name>31</name>
				<LookAt>
					<longitude>16.87475847564912</longitude>
					<latitude>51.11010452352274</latitude>
					<altitude>0</altitude>
					<heading>-0.01700176729263894</heading>
					<tilt>0</tilt>
					<range>578.7856861796932</range>
					<gx:altitudeMode>relativeToSeaFloor</gx:altitudeMode>
				</LookAt>
				<styleUrl>#m_ylw-pushpin07</styleUrl>
				<Point>
					<gx:drawOrder>1</gx:drawOrder>
					<coordinates>16.87282777777778,51.10946111111111,0</coordinates>
				</Point>
			</Placemark>
			<Placemark>
				<name>31&apos;</name>
				<LookAt>
					<longitude>16.87440725242715</longitude>
					<latitude>51.11002841342464</latitude>
					<altitude>0</altitude>
					<heading>-0.0172751452526515</heading>
					<tilt>0</tilt>
					<range>578.7856861755319</range>
					<gx:altitudeMode>relativeToSeaFloor</gx:altitudeMode>
				</LookAt>
				<styleUrl>#m_ylw-pushpin07</styleUrl>
				<Point>
					<gx:drawOrder>1</gx:drawOrder>
					<coordinates>16.87236666666667,51.10960277777779,0</coordinates>
				</Point>
			</Placemark>
			<Placemark>
				<name>32</name>
				<LookAt>
					<longitude>16.87406146439931</longitude>
					<latitude>51.1099477810599</latitude>
					<altitude>0</altitude>
					<heading>-0.0175442902655752</heading>
					<tilt>0</tilt>
					<range>443.9688870426231</range>
					<gx:altitudeMode>relativeToSeaFloor</gx:altitudeMode>
				</LookAt>
				<styleUrl>#m_ylw-pushpin07</styleUrl>
				<Point>
					<gx:drawOrder>1</gx:drawOrder>
					<coordinates>16.8732,51.10994166666668,0</coordinates>
				</Point>
			</Placemark>
			<Placemark>
				<name>32&apos;</name>
				<LookAt>
					<longitude>16.87406146439931</longitude>
					<latitude>51.1099477810599</latitude>
					<altitude>0</altitude>
					<heading>-0.0175442902655752</heading>
					<tilt>0</tilt>
					<range>443.9688870426231</range>
					<gx:altitudeMode>relativeToSeaFloor</gx:altitudeMode>
				</LookAt>
				<styleUrl>#m_ylw-pushpin07</styleUrl>
				<Point>
					<gx:drawOrder>1</gx:drawOrder>
					<coordinates>16.87273888888889,51.11008333333334,0</coordinates>
				</Point>
			</Placemark>
			<Placemark>
				<name>33</name>
				<LookAt>
					<longitude>16.87406146439931</longitude>
					<latitude>51.1099477810599</latitude>
					<altitude>0</altitude>
					<heading>-0.0175442902655752</heading>
					<tilt>0</tilt>
					<range>443.9688870426231</range>
					<gx:altitudeMode>relativeToSeaFloor</gx:altitudeMode>
				</LookAt>
				<styleUrl>#m_ylw-pushpin07</styleUrl>
				<Point>
					<gx:drawOrder>1</gx:drawOrder>
					<coordinates>16.87325833333333,51.10965833333333,0</coordinates>
				</Point>
			</Placemark>
			<Placemark>
				<name>33&apos;</name>
				<LookAt>
					<longitude>16.87406146439931</longitude>
					<latitude>51.1099477810599</latitude>
					<altitude>0</altitude>
					<heading>-0.0175442902655752</heading>
					<tilt>0</tilt>
					<range>443.9688870426231</range>
					<gx:altitudeMode>relativeToSeaFloor</gx:altitudeMode>
				</LookAt>
				<styleUrl>#m_ylw-pushpin07</styleUrl>
				<Point>
					<gx:drawOrder>1</gx:drawOrder>
					<coordinates>16.87256388888889,51.10986944444446,0</coordinates>
				</Point>
			</Placemark>
			<Placemark>
				<name>44</name>
				<LookAt>
					<gx:TimeStamp><when>2024-05-04</when>
</gx:TimeStamp>
					<gx:ViewerOptions>
						<gx:option name="historicalimagery"></gx:option>
						<gx:option enabled="0" name="sunlight"></gx:option>
						<gx:option enabled="0" name="streetview"></gx:option>
					</gx:ViewerOptions>
					<longitude>16.88294824117755</longitude>
					<latitude>51.09938326202313</latitude>
					<altitude>0</altitude>
					<heading>-0.003210551978214821</heading>
					<tilt>0</tilt>
					<range>232.878276967736</range>
					<gx:altitudeMode>relativeToSeaFloor</gx:altitudeMode>
				</LookAt>
				<styleUrl>#m_ylw-pushpin211</styleUrl>
				<Point>
					<gx:drawOrder>1</gx:drawOrder>
					<coordinates>16.88331111111111,51.09930833333333,0</coordinates>
				</Point>
			</Placemark>
			<Placemark>
				<name>45</name>
				<LookAt>
					<gx:TimeStamp><when>2024-05-04</when>
</gx:TimeStamp>
					<gx:ViewerOptions>
						<gx:option name="historicalimagery"></gx:option>
						<gx:option enabled="0" name="sunlight"></gx:option>
						<gx:option enabled="0" name="streetview"></gx:option>
					</gx:ViewerOptions>
					<longitude>16.88277038700286</longitude>
					<latitude>51.099531650225</latitude>
					<altitude>0</altitude>
					<heading>-0.003348963829661811</heading>
					<tilt>0</tilt>
					<range>232.8782769666727</range>
					<gx:altitudeMode>relativeToSeaFloor</gx:altitudeMode>
				</LookAt>
				<styleUrl>#m_ylw-pushpin211</styleUrl>
				<Point>
					<gx:drawOrder>1</gx:drawOrder>
					<coordinates>16.88273333333333,51.09960833333334,0</coordinates>
				</Point>
			</Placemark>
			<Placemark>
				<name>46</name>
				<LookAt>
					<gx:TimeStamp><when>2024-05-04</when>
</gx:TimeStamp>
					<gx:ViewerOptions>
						<gx:option name="historicalimagery"></gx:option>
						<gx:option enabled="0" name="sunlight"></gx:option>
						<gx:option enabled="0" name="streetview"></gx:option>
					</gx:ViewerOptions>
					<longitude>16.88228554990047</longitude>
					<latitude>51.0999079718</latitude>
					<altitude>0</altitude>
					<heading>-0.003726281920741104</heading>
					<tilt>0</tilt>
					<range>232.8782769627877</range>
					<gx:altitudeMode>relativeToSeaFloor</gx:altitudeMode>
				</LookAt>
				<styleUrl>#m_ylw-pushpin211</styleUrl>
				<Point>
					<gx:drawOrder>1</gx:drawOrder>
					<coordinates>16.88215555555556,51.09991111111111,0</coordinates>
				</Point>
			</Placemark>
			<Placemark>
				<name>47</name>
				<LookAt>
					<gx:TimeStamp><when>2024-05-04</when>
</gx:TimeStamp>
					<gx:ViewerOptions>
						<gx:option name="historicalimagery"></gx:option>
						<gx:option enabled="0" name="sunlight"></gx:option>
						<gx:option enabled="0" name="streetview"></gx:option>
					</gx:ViewerOptions>
					<longitude>16.88183400062848</longitude>
					<latitude>51.10019353283625</latitude>
					<altitude>0</altitude>
					<heading>-0.004077695555359338</heading>
					<tilt>0</tilt>
					<range>232.8782769673213</range>
					<gx:altitudeMode>relativeToSeaFloor</gx:altitudeMode>
				</LookAt>
				<styleUrl>#m_ylw-pushpin211</styleUrl>
				<Point>
					<gx:drawOrder>1</gx:drawOrder>
					<coordinates>16.88157777777778,51.10021111111111,0</coordinates>
				</Point>
			</Placemark>
			<Placemark>
				<name>51</name>
				<LookAt>
					<gx:TimeStamp><when>2024-05-04</when>
</gx:TimeStamp>
					<gx:ViewerOptions>
						<gx:option name="historicalimagery"></gx:option>
						<gx:option enabled="0" name="sunlight"></gx:option>
						<gx:option enabled="0" name="streetview"></gx:option>
					</gx:ViewerOptions>
					<longitude>16.9013115178645</longitude>
					<latitude>51.10071414049212</latitude>
					<altitude>0</altitude>
					<heading>0.01108090789662932</heading>
					<tilt>0</tilt>
					<range>293.6634236969807</range>
					<gx:altitudeMode>relativeToSeaFloor</gx:altitudeMode>
				</LookAt>
				<styleUrl>#m_ylw-pushpin211</styleUrl>
				<Point>
					<gx:drawOrder>1</gx:drawOrder>
					<coordinates>16.90057777777778,51.10052777777778,0</coordinates>
				</Point>
			</Placemark>
			<Placemark>
				<name>52</name>
				<LookAt>
					<gx:TimeStamp><when>2024-05-04</when>
</gx:TimeStamp>
					<gx:ViewerOptions>
						<gx:option name="historicalimagery"></gx:option>
						<gx:option enabled="0" name="sunlight"></gx:option>
						<gx:option enabled="0" name="streetview"></gx:option>
					</gx:ViewerOptions>
					<longitude>16.90211128029322</longitude>
					<latitude>51.10044009998958</latitude>
					<altitude>0</altitude>
					<heading>0.01170332263687733</heading>
					<tilt>0</tilt>
					<range>293.6634236951346</range>
					<gx:altitudeMode>relativeToSeaFloor</gx:altitudeMode>
				</LookAt>
				<styleUrl>#m_ylw-pushpin211</styleUrl>
				<Point>
					<gx:drawOrder>1</gx:drawOrder>
					<coordinates>16.90192777777778,51.10010833333333,0</coordinates>
				</Point>
			</Placemark>
			<Placemark>
				<name>61</name>
				<LookAt>
					<gx:TimeStamp><when>2024-05-04</when>
</gx:TimeStamp>
					<gx:ViewerOptions>
						<gx:option name="historicalimagery"></gx:option>
						<gx:option enabled="0" name="sunlight"></gx:option>
						<gx:option enabled="0" name="streetview"></gx:option>
					</gx:ViewerOptions>
					<longitude>16.90249050125783</longitude>
					<latitude>51.10428772460352</latitude>
					<altitude>0</altitude>
					<heading>0.01199837694249558</heading>
					<tilt>0</tilt>
					<range>317.3018638656213</range>
					<gx:altitudeMode>relativeToSeaFloor</gx:altitudeMode>
				</LookAt>
				<styleUrl>#m_ylw-pushpin211</styleUrl>
				<Point>
					<gx:drawOrder>1</gx:drawOrder>
					<coordinates>16.90055833333333,51.1045611111111,0</coordinates>
				</Point>
			</Placemark>
			<Placemark>
				<name>62</name>
				<LookAt>
					<gx:TimeStamp><when>2024-05-04</when>
</gx:TimeStamp>
					<gx:ViewerOptions>
						<gx:option name="historicalimagery"></gx:option>
						<gx:option enabled="0" name="sunlight"></gx:option>
						<gx:option enabled="0" name="streetview"></gx:option>
					</gx:ViewerOptions>
					<longitude>16.90249050125783</longitude>
					<latitude>51.10428772460352</latitude>
					<altitude>0</altitude>
					<heading>0.01199837694249558</heading>
					<tilt>0</tilt>
					<range>317.3018638656213</range>
					<gx:altitudeMode>relativeToSeaFloor</gx:altitudeMode>
				</LookAt>
				<styleUrl>#m_ylw-pushpin211</styleUrl>
				<Point>
					<gx:drawOrder>1</gx:drawOrder>
					<coordinates>16.90121944444444,51.10458333333334,0</coordinates>
				</Point>
			</Placemark>
			<Placemark>
				<name>63</name>
				<LookAt>
					<gx:TimeStamp><when>2024-05-04</when>
</gx:TimeStamp>
					<gx:ViewerOptions>
						<gx:option name="historicalimagery"></gx:option>
						<gx:option enabled="0" name="sunlight"></gx:option>
						<gx:option enabled="0" name="streetview"></gx:option>
					</gx:ViewerOptions>
					<longitude>16.90251953436003</longitude>
					<latitude>51.10425237203684</latitude>
					<altitude>0</altitude>
					<heading>0.01202097297866685</heading>
					<tilt>0</tilt>
					<range>330.2196040836583</range>
					<gx:altitudeMode>relativeToSeaFloor</gx:altitudeMode>
				</LookAt>
				<styleUrl>#m_ylw-pushpin07</styleUrl>
				<Point>
					<gx:drawOrder>1</gx:drawOrder>
					<coordinates>16.90229722222222,51.10436111111112,0</coordinates>
				</Point>
			</Placemark>
			<Placemark>
				<name>64</name>
				<LookAt>
					<gx:TimeStamp><when>2024-05-04</when>
</gx:TimeStamp>
					<gx:ViewerOptions>
						<gx:option name="historicalimagery"></gx:option>
						<gx:option enabled="0" name="sunlight"></gx:option>
						<gx:option enabled="0" name="streetview"></gx:option>
					</gx:ViewerOptions>
					<longitude>16.90375004143958</longitude>
					<latitude>51.10427781197846</latitude>
					<altitude>0</altitude>
					<heading>0.01297866589423622</heading>
					<tilt>0</tilt>
					<range>282.6105708337868</range>
					<gx:altitudeMode>relativeToSeaFloor</gx:altitudeMode>
				</LookAt>
				<styleUrl>#m_ylw-pushpin211</styleUrl>
				<Point>
					<gx:drawOrder>1</gx:drawOrder>
					<coordinates>16.903075,51.10435277777778,0</coordinates>
				</Point>
			</Placemark>
			<Placemark>
				<name>65</name>
				<LookAt>
					<gx:TimeStamp><when>2024-05-04</when>
</gx:TimeStamp>
					<gx:ViewerOptions>
						<gx:option name="historicalimagery"></gx:option>
						<gx:option enabled="0" name="sunlight"></gx:option>
						<gx:option enabled="0" name="streetview"></gx:option>
					</gx:ViewerOptions>
					<longitude>16.90407076675713</longitude>
					<latitude>51.10428056853007</latitude>
					<altitude>0</altitude>
					<heading>0.0132282835426173</heading>
					<tilt>0</tilt>
					<range>210.3131589485993</range>
					<gx:altitudeMode>relativeToSeaFloor</gx:altitudeMode>
				</LookAt>
				<styleUrl>#m_ylw-pushpin211</styleUrl>
				<Point>
					<gx:drawOrder>1</gx:drawOrder>
					<coordinates>16.90385,51.10434722222222,0</coordinates>
				</Point>
			</Placemark>
			<Placemark>
				<name>66</name>
				<LookAt>
					<gx:TimeStamp><when>2024-05-04</when>
</gx:TimeStamp>
					<gx:ViewerOptions>
						<gx:option name="historicalimagery"></gx:option>
						<gx:option enabled="0" name="sunlight"></gx:option>
						<gx:option enabled="0" name="streetview"></gx:option>
					</gx:ViewerOptions>
					<longitude>16.90497435412733</longitude>
					<latitude>51.10437579909141</latitude>
					<altitude>0</altitude>
					<heading>0.01393118483081275</heading>
					<tilt>0</tilt>
					<range>173.4645095468539</range>
					<gx:altitudeMode>relativeToSeaFloor</gx:altitudeMode>
				</LookAt>
				<styleUrl>#m_ylw-pushpin211</styleUrl>
				<Point>
					<gx:drawOrder>1</gx:drawOrder>
					<coordinates>16.90463055555555,51.10433888888889,0</coordinates>
				</Point>
			</Placemark>
			<Placemark>
				<name>Apron 4</name>
				<LookAt>
					<gx:TimeStamp><when>2024-05-04</when>
</gx:TimeStamp>
					<gx:ViewerOptions>
						<gx:option name="historicalimagery"></gx:option>
						<gx:option enabled="0" name="sunlight"></gx:option>
						<gx:option enabled="0" name="streetview"></gx:option>
					</gx:ViewerOptions>
					<longitude>16.88460111149724</longitude>
					<latitude>51.09928121754848</latitude>
					<altitude>0</altitude>
					<heading>-0.001924375063978766</heading>
					<tilt>0</tilt>
					<range>400.7045662247986</range>
					<gx:altitudeMode>relativeToSeaFloor</gx:altitudeMode>
				</LookAt>
				<styleUrl>#m_ylw-pushpin211</styleUrl>
				<Point>
					<gx:drawOrder>1</gx:drawOrder>
					<coordinates>16.88331206648732,51.10008799495926,0</coordinates>
				</Point>
			</Placemark>
			<Placemark>
				<name>Apron 6</name>
				<LookAt>
					<gx:TimeStamp><when>2024-05-04</when>
</gx:TimeStamp>
					<gx:ViewerOptions>
						<gx:option name="historicalimagery"></gx:option>
						<gx:option enabled="0" name="sunlight"></gx:option>
						<gx:option enabled="0" name="streetview"></gx:option>
					</gx:ViewerOptions>
					<longitude>16.90290104259543</longitude>
					<latitude>51.10442158946638</latitude>
					<altitude>0</altitude>
					<heading>0.01231828548715829</heading>
					<tilt>0</tilt>
					<range>360.9149667145829</range>
					<gx:altitudeMode>relativeToSeaFloor</gx:altitudeMode>
				</LookAt>
				<styleUrl>#m_ylw-pushpin07</styleUrl>
				<Point>
					<gx:drawOrder>1</gx:drawOrder>
					<coordinates>16.90252545283926,51.1047784664899,0</coordinates>
				</Point>
			</Placemark>
			<Placemark>
				<name>Apron 7</name>
				<LookAt>
					<longitude>16.89827111396831</longitude>
					<latitude>51.09718980670039</latitude>
					<altitude>0</altitude>
					<heading>0.01946080994269243</heading>
					<tilt>0</tilt>
					<range>525.9031096770527</range>
					<gx:altitudeMode>relativeToSeaFloor</gx:altitudeMode>
				</LookAt>
				<styleUrl>#m_ylw-pushpin07</styleUrl>
				<Point>
					<gx:drawOrder>1</gx:drawOrder>
					<coordinates>16.8973162891941,51.09650422943986,0</coordinates>
				</Point>
			</Placemark>
			<Placemark>
				<name>De-Ice 3</name>
				<LookAt>
					<longitude>16.8751253003662</longitude>
					<latitude>51.11028385952806</latitude>
					<altitude>0</altitude>
					<heading>0.001446670978802157</heading>
					<tilt>0</tilt>
					<range>648.2508558815045</range>
					<gx:altitudeMode>relativeToSeaFloor</gx:altitudeMode>
				</LookAt>
				<styleUrl>#m_ylw-pushpin07</styleUrl>
				<Point>
					<gx:drawOrder>1</gx:drawOrder>
					<coordinates>16.87355503592111,51.11059261739609,0</coordinates>
				</Point>
			</Placemark>
			<Placemark>
				<name>De-Ice 5</name>
				<LookAt>
					<longitude>16.90466871983238</longitude>
					<latitude>51.10062482749017</latitude>
					<altitude>0</altitude>
					<heading>0.02444030007349561</heading>
					<tilt>0</tilt>
					<range>873.3432699425016</range>
					<gx:altitudeMode>relativeToSeaFloor</gx:altitudeMode>
				</LookAt>
				<styleUrl>#m_ylw-pushpin07</styleUrl>
				<Point>
					<gx:drawOrder>1</gx:drawOrder>
					<coordinates>16.90238973368628,51.10148313187921,0</coordinates>
				</Point>
			</Placemark>
		</Folder>
		<Folder>
			<name>BuildingLabels</name>
			<Placemark>
				<name>AIS</name>
				<LookAt>
					<gx:TimeStamp><when>2024-05-04</when>
</gx:TimeStamp>
					<gx:ViewerOptions>
						<gx:option name="historicalimagery"></gx:option>
						<gx:option enabled="0" name="sunlight"></gx:option>
						<gx:option enabled="0" name="streetview"></gx:option>
					</gx:ViewerOptions>
					<longitude>16.89983481473222</longitude>
					<latitude>51.10396775310293</latitude>
					<altitude>0</altitude>
					<heading>0.0099318664198798</heading>
					<tilt>0</tilt>
					<range>303.0381541854306</range>
					<gx:altitudeMode>relativeToSeaFloor</gx:altitudeMode>
				</LookAt>
				<styleUrl>#m_ylw-pushpin211</styleUrl>
				<Point>
					<gx:drawOrder>1</gx:drawOrder>
					<coordinates>16.89930065829506,51.10419176777303,0</coordinates>
				</Point>
			</Placemark>
			<Placemark>
				<name>Cargo</name>
				<LookAt>
					<gx:TimeStamp><when>2024-05-04</when>
</gx:TimeStamp>
					<gx:ViewerOptions>
						<gx:option name="historicalimagery"></gx:option>
						<gx:option enabled="0" name="sunlight"></gx:option>
						<gx:option enabled="0" name="streetview"></gx:option>
					</gx:ViewerOptions>
					<longitude>16.88596456110895</longitude>
					<latitude>51.10729886962314</latitude>
					<altitude>0</altitude>
					<heading>-0.01081510612744659</heading>
					<tilt>0</tilt>
					<range>250.2616177786941</range>
					<gx:altitudeMode>relativeToSeaFloor</gx:altitudeMode>
				</LookAt>
				<styleUrl>#m_ylw-pushpin11001</styleUrl>
				<Point>
					<gx:drawOrder>1</gx:drawOrder>
					<coordinates>16.88515937902732,51.10732096588577,0</coordinates>
				</Point>
			</Placemark>
			<Placemark>
				<name>Fire station</name>
				<LookAt>
					<gx:TimeStamp><when>2024-05-04</when>
</gx:TimeStamp>
					<gx:ViewerOptions>
						<gx:option name="historicalimagery"></gx:option>
						<gx:option enabled="0" name="sunlight"></gx:option>
						<gx:option enabled="0" name="streetview"></gx:option>
					</gx:ViewerOptions>
					<longitude>16.88735426875319</longitude>
					<latitude>51.1068329666204</latitude>
					<altitude>0</altitude>
					<heading>-0.009733434041387285</heading>
					<tilt>0</tilt>
					<range>218.1002969867281</range>
					<gx:altitudeMode>relativeToSeaFloor</gx:altitudeMode>
				</LookAt>
				<styleUrl>#m_ylw-pushpin211</styleUrl>
				<Point>
					<gx:drawOrder>1</gx:drawOrder>
					<coordinates>16.88685342851593,51.10667745799879,0</coordinates>
				</Point>
			</Placemark>
			<Placemark>
				<name>Hangar</name>
				<LookAt>
					<gx:TimeStamp><when>2024-05-04</when>
</gx:TimeStamp>
					<gx:ViewerOptions>
						<gx:option name="historicalimagery"></gx:option>
						<gx:option enabled="0" name="sunlight"></gx:option>
						<gx:option enabled="0" name="streetview"></gx:option>
					</gx:ViewerOptions>
					<longitude>16.9056581219947</longitude>
					<latitude>51.10334400150357</latitude>
					<altitude>0</altitude>
					<heading>0.004512357547992065</heading>
					<tilt>0</tilt>
					<range>240.1524507613132</range>
					<gx:altitudeMode>relativeToSeaFloor</gx:altitudeMode>
				</LookAt>
				<styleUrl>#m_ylw-pushpin11001</styleUrl>
				<Point>
					<gx:drawOrder>1</gx:drawOrder>
					<coordinates>16.90544832478307,51.10329273896087,0</coordinates>
				</Point>
			</Placemark>
			<Placemark>
				<name>Hangar-1</name>
				<LookAt>
					<gx:TimeStamp><when>2024-05-04</when>
</gx:TimeStamp>
					<gx:ViewerOptions>
						<gx:option name="historicalimagery"></gx:option>
						<gx:option enabled="0" name="sunlight"></gx:option>
						<gx:option enabled="0" name="streetview"></gx:option>
					</gx:ViewerOptions>
					<longitude>16.88545474415324</longitude>
					<latitude>51.09822129381255</latitude>
					<altitude>0</altitude>
					<heading>-0.001260067082781476</heading>
					<tilt>0</tilt>
					<range>278.2340739306973</range>
					<gx:altitudeMode>relativeToSeaFloor</gx:altitudeMode>
				</LookAt>
				<styleUrl>#m_ylw-pushpin211</styleUrl>
				<Point>
					<gx:drawOrder>1</gx:drawOrder>
					<coordinates>16.88507783126334,51.09813264016115,0</coordinates>
				</Point>
			</Placemark>
			<Placemark>
				<name>Hangar-2</name>
				<LookAt>
					<gx:TimeStamp><when>2024-05-04</when>
</gx:TimeStamp>
					<gx:ViewerOptions>
						<gx:option name="historicalimagery"></gx:option>
						<gx:option enabled="0" name="sunlight"></gx:option>
						<gx:option enabled="0" name="streetview"></gx:option>
					</gx:ViewerOptions>
					<longitude>16.88521316577554</longitude>
					<latitude>51.09826698492285</latitude>
					<altitude>0</altitude>
					<heading>-0.001448068147592225</heading>
					<tilt>0</tilt>
					<range>278.2340739318047</range>
					<gx:altitudeMode>relativeToSeaFloor</gx:altitudeMode>
				</LookAt>
				<styleUrl>#m_ylw-pushpin211</styleUrl>
				<Point>
					<gx:drawOrder>1</gx:drawOrder>
					<coordinates>16.88469653873671,51.0983282065746,0</coordinates>
				</Point>
			</Placemark>
			<Placemark>
				<name>Hangar-3</name>
				<LookAt>
					<gx:TimeStamp><when>2024-05-04</when>
</gx:TimeStamp>
					<gx:ViewerOptions>
						<gx:option name="historicalimagery"></gx:option>
						<gx:option enabled="0" name="sunlight"></gx:option>
						<gx:option enabled="0" name="streetview"></gx:option>
					</gx:ViewerOptions>
					<longitude>16.88510547285915</longitude>
					<latitude>51.09831267794554</latitude>
					<altitude>0</altitude>
					<heading>-0.001531876616347643</heading>
					<tilt>0</tilt>
					<range>278.2340739323403</range>
					<gx:altitudeMode>relativeToSeaFloor</gx:altitudeMode>
				</LookAt>
				<styleUrl>#m_ylw-pushpin211</styleUrl>
				<Point>
					<gx:drawOrder>1</gx:drawOrder>
					<coordinates>16.88421045982517,51.09855484201752,0</coordinates>
				</Point>
			</Placemark>
			<Placemark>
				<name>Hangar-4</name>
				<LookAt>
					<gx:TimeStamp><when>2024-05-04</when>
</gx:TimeStamp>
					<gx:ViewerOptions>
						<gx:option name="historicalimagery"></gx:option>
						<gx:option enabled="0" name="sunlight"></gx:option>
						<gx:option enabled="0" name="streetview"></gx:option>
					</gx:ViewerOptions>
					<longitude>16.88582147799351</longitude>
					<latitude>51.09807141949678</latitude>
					<altitude>0</altitude>
					<heading>-0.0009746673206877293</heading>
					<tilt>0</tilt>
					<range>278.2340739295625</range>
					<gx:altitudeMode>relativeToSeaFloor</gx:altitudeMode>
				</LookAt>
				<styleUrl>#m_ylw-pushpin211</styleUrl>
				<Point>
					<gx:drawOrder>1</gx:drawOrder>
					<coordinates>16.88549404624356,51.09794072851711,0</coordinates>
				</Point>
			</Placemark>
			<Placemark>
				<name>HEMS</name>
				<LookAt>
					<gx:TimeStamp><when>2024-05-04</when>
</gx:TimeStamp>
					<gx:ViewerOptions>
						<gx:option name="historicalimagery"></gx:option>
						<gx:option enabled="0" name="sunlight"></gx:option>
						<gx:option enabled="0" name="streetview"></gx:option>
					</gx:ViewerOptions>
					<longitude>16.89818074255781</longitude>
					<latitude>51.10386980014282</latitude>
					<altitude>0</altitude>
					<heading>-0.001307162526126321</heading>
					<tilt>0</tilt>
					<range>209.4827140515121</range>
					<gx:altitudeMode>relativeToSeaFloor</gx:altitudeMode>
				</LookAt>
				<styleUrl>#m_ylw-pushpin11001</styleUrl>
				<Point>
					<gx:drawOrder>1</gx:drawOrder>
					<coordinates>16.89778953747512,51.10386360123157,0</coordinates>
				</Point>
			</Placemark>
			<Placemark>
				<name>Terminal</name>
				<LookAt>
					<gx:TimeStamp><when>2024-05-04</when>
</gx:TimeStamp>
					<gx:ViewerOptions>
						<gx:option name="historicalimagery"></gx:option>
						<gx:option enabled="0" name="sunlight"></gx:option>
						<gx:option enabled="0" name="streetview"></gx:option>
					</gx:ViewerOptions>
					<longitude>16.88073899745011</longitude>
					<latitude>51.10947091465643</latitude>
					<altitude>0</altitude>
					<heading>-0.01488211461101344</heading>
					<tilt>0</tilt>
					<range>348.6261710191669</range>
					<gx:altitudeMode>relativeToSeaFloor</gx:altitudeMode>
				</LookAt>
				<styleUrl>#m_ylw-pushpin11001</styleUrl>
				<Point>
					<gx:drawOrder>1</gx:drawOrder>
					<coordinates>16.88041252280099,51.10946284521286,0</coordinates>
				</Point>
			</Placemark>
			<Placemark>
				<name>Terminal GA</name>
				<LookAt>
					<gx:TimeStamp><when>2024-05-04</when>
</gx:TimeStamp>
					<gx:ViewerOptions>
						<gx:option name="historicalimagery"></gx:option>
						<gx:option enabled="0" name="sunlight"></gx:option>
						<gx:option enabled="0" name="streetview"></gx:option>
					</gx:ViewerOptions>
					<longitude>16.90040337262473</longitude>
					<latitude>51.10445424914155</latitude>
					<altitude>0</altitude>
					<heading>0.01037437251600409</heading>
					<tilt>0</tilt>
					<range>360.9149667178397</range>
					<gx:altitudeMode>relativeToSeaFloor</gx:altitudeMode>
				</LookAt>
				<styleUrl>#m_ylw-pushpin211</styleUrl>
				<Point>
					<gx:drawOrder>1</gx:drawOrder>
					<coordinates>16.89974073128169,51.10460724844415,0</coordinates>
				</Point>
			</Placemark>
			<Placemark>
				<name>TWR</name>
				<LookAt>
					<gx:TimeStamp><when>2024-05-04</when>
</gx:TimeStamp>
					<gx:ViewerOptions>
						<gx:option name="historicalimagery"></gx:option>
						<gx:option enabled="0" name="sunlight"></gx:option>
						<gx:option enabled="0" name="streetview"></gx:option>
					</gx:ViewerOptions>
					<longitude>16.88666846631541</longitude>
					<latitude>51.10676000549967</latitude>
					<altitude>0</altitude>
					<heading>-0.01026725014217503</heading>
					<tilt>0</tilt>
					<range>250.2616177801132</range>
					<gx:altitudeMode>relativeToSeaFloor</gx:altitudeMode>
				</LookAt>
				<styleUrl>#m_ylw-pushpin11001</styleUrl>
				<Point>
					<gx:drawOrder>1</gx:drawOrder>
					<coordinates>16.88618010727051,51.10683804109158,0</coordinates>
				</Point>
			</Placemark>
			<Placemark>
				<name>WRO</name>
				<LookAt>
					<gx:TimeStamp><when>2024-05-04</when>
</gx:TimeStamp>
					<gx:ViewerOptions>
						<gx:option name="historicalimagery"></gx:option>
						<gx:option enabled="0" name="sunlight"></gx:option>
						<gx:option enabled="0" name="streetview"></gx:option>
					</gx:ViewerOptions>
					<longitude>16.87588609327681</longitude>
					<latitude>51.10668518661689</latitude>
					<altitude>0</altitude>
					<heading>-0.008707048432905557</heading>
					<tilt>0</tilt>
					<range>1394.261471263418</range>
					<gx:altitudeMode>relativeToSeaFloor</gx:altitudeMode>
				</LookAt>
				<styleUrl>#m_ylw-pushpin211</styleUrl>
				<Point>
					<gx:drawOrder>1</gx:drawOrder>
					<coordinates>16.91894444444445,51.09266666666667,0</coordinates>
				</Point>
			</Placemark>
		</Folder>
		<Placemark>
			<name>FREQ</name>
			<LookAt>
				<longitude>16.88320995820901</longitude>
				<latitude>51.10293817865975</latitude>
				<altitude>0</altitude>
				<heading>-162.9778662727864</heading>
				<tilt>0</tilt>
				<range>1473.829700169336</range>
				<gx:altitudeMode>relativeToSeaFloor</gx:altitudeMode>
			</LookAt>
			<styleUrl>#m_ylw-pushpin220</styleUrl>
			<Point>
				<gx:drawOrder>1</gx:drawOrder>
				<coordinates>16.88508049131975,51.10163182087854,0</coordinates>
			</Point>
		</Placemark>
		<GroundOverlay>
			<name>EPWR nowa plyta</name>
			<color>6bffffff</color>
			<Icon>
				<href>C:/Users/Administrator/Downloads/epwrnowaplyta_page-0001.jpg</href>
				<viewBoundScale>0.75</viewBoundScale>
			</Icon>
			<LatLonBox>
				<north>51.12490087824639</north>
				<south>51.08027609603877</south>
				<east>16.91013031942548</east>
				<west>16.86183665742949</west>
				<rotation>36.47238540649414</rotation>
			</LatLonBox>
		</GroundOverlay>
		<atom:link rel="app" href="https://www.google.com/earth/about/versions/#earth-pro" title="Google Earth Pro 7.3.7.1327"></atom:link>
	</Folder>
</Document>
</kml>
